label,sample,gp_to_fixed,start_to_end,uncertainty,linear_target_gain,linear_damage,linear_increased,mlp_target_gain,mlp_damage,mlp_increased
1,24,0.2917522524339907,-0.07964911302452096,0.10238589268490729,0.0,0.0007882147485285809,0.0,1.213351129173371e-40,0.09288835905777168,1.0
1,58,-0.24233183007770162,-0.6802689842624677,0.10032107691509026,-2.183790918517031e-121,0.09756849473966939,0.0,-1.3172663950542354e-07,0.025857332052424797,0.0
1,62,0.2099254829346246,0.2873822667106448,0.12355277707645623,1.0,0.014027075618962215,1.0,6.708901662505587e-07,0.1372707736634315,1.0
1,72,0.4560383000923991,0.7913647288402479,0.12879001709753085,0.0,5.4796143178492684e-09,0.0,1.487023368080854e-13,0.12115978607666367,1.0
1,87,-0.32031634115361923,0.22489033100068692,0.09046042957636724,0.0,0.5,0.0,2.411262007841455e-49,0.04986263518430738,1.0
1,173,-0.13513322318792542,-0.037107947671370364,0.0605348593134368,0.0,0.0036913968120864294,0.0,-1.0061518914261563e-17,0.0,0.0
1,191,0.023370347692830584,-0.7995345964807024,0.1208080861446148,0.0,0.49356289640787016,0.0,2.8704355977158412e-39,0.010279981334034856,1.0
1,235,-0.2702549981099056,0.04101837311524363,0.12624993664682946,0.0,7.145217754689348e-07,0.0,1.3402546365066731e-20,0.01603316647807984,1.0
1,260,0.1942094543696753,0.2413656162205286,0.0849624425131671,0.0,0.09052154629910125,0.0,5.097539225809319e-10,0.06972834735914712,1.0
1,279,-0.07984302758453046,-0.1769793354239969,0.11594425352625846,0.0,2.091736400633426e-05,0.0,1.7160094189082485e-27,0.0,1.0
1,300,-0.38216178294439046,-0.04472920623153322,0.1308003761896863,0.0,0.08517798379735486,0.0,1.1686346125621966e-11,0.08868294663241039,1.0
1,311,-0.2025456805117852,-0.4865079487747132,0.12973614277489778,0.0,0.008287096435437286,0.0,-1.175008718732994e-13,0.1184232161556793,0.0
1,314,0.3166541659231346,-0.14052837671252913,0.11846239740411674,0.0,0.0007014225384532891,0.0,3.510890565673875e-06,0.20816259615048846,1.0
1,324,-0.036481825596390266,0.27527478315142906,0.08255330189873858,-5.377744267699212e-202,0.1454650845706255,0.0,8.752585372720061e-08,0.15802583021292538,1.0
1,328,0.3098859178279491,0.6726683283066601,0.12008941167516853,0.0,3.2554388595951167e-07,0.0,-1.9351833146635245e-07,0.1127110832247375,0.0
1,343,-0.09617409248022661,-0.47354404066506156,0.13002749540000907,0.0,7.51372605450884e-06,0.0,8.918201515228883e-56,0.0018270273093708989,1.0
1,364,0.2944500319725107,0.920962684184138,0.10315439282742454,0.0,0.15602331794165428,0.0,3.173011344444035e-16,0.01929962330662338,1.0
1,368,0.02358711823442547,0.2364754862386073,0.05401080274281623,0.0,7.247519321668117e-05,0.0,1.4062531369391676e-62,0.0,1.0
1,391,-0.11329202866890722,-0.06598282844809795,0.08882205879147094,0.0,0.0,0.0,9.343653594470805e-56,0.10140291222370118,1.0
1,428,-0.017204106091562615,-0.21806788016869957,0.09956135429855123,0.0,0.0,0.0,6.972495122859506e-13,0.03007340243873589,1.0
1,436,0.39543979336355684,0.6962965019960915,0.0941655129042443,0.0,0.13433564435600137,0.0,2.527696920122029e-08,0.0738788749960652,1.0
1,447,-0.06309134444014769,-0.10472109828184722,0.06682452903209289,0.0,2.7687491630523924e-05,0.0,-6.473069988615603e-32,0.005211811279396775,0.0
1,473,0.03644210002667356,0.29242209914866346,0.11429546314771913,0.0,0.06343412288415323,0.0,1.0273329101771506e-43,0.047177939455178564,1.0
1,528,-0.35558317917962023,-0.29706284030740293,0.12262161145072152,0.0,0.0,0.0,1.2472943384492546e-33,0.0,1.0
1,530,0.18049731280809447,-0.08578952911418035,0.07479892387645692,0.0,0.0,0.0,-1.9227937012750308e-09,0.0,0.0
1,572,0.040840781009955654,-0.30142437978042985,0.13691733566447756,0.0,0.0,0.0,1.180283827461328e-53,0.0,1.0
1,622,0.0931898273440024,0.3170214016319499,0.12166178296154187,0.0,0.406608733374163,0.0,2.968514105440248e-09,0.1627656595928088,1.0
1,630,0.328823363101164,-0.24915802226222267,0.11007279320203527,0.0,0.49593003302419036,0.0,-1.6692321443983936e-32,0.017288508124451762,0.0
1,631,0.3023070127207725,0.13532193690522049,0.12308702660671206,0.0,0.0002469331477314429,0.0,1.1520543807536336e-22,0.06142503129392871,1.0
1,636,-0.03734218918602103,-0.374169337455402,0.14538446753857623,0.0,0.00104901682504005,0.0,4.030079106929259e-59,0.0,1.0
1,638,0.05650348278578202,0.07976466083628639,0.09863253331062234,0.0,1.2101556147725567e-05,0.0,-4.927889912843062e-35,0.01492622022976925,0.0
1,658,-0.06036451753701355,-0.37650498825541845,0.14334993025900916,0.0,0.0008873132956306318,0.0,-8.048221874356943e-23,0.0,0.0
1,663,-0.1388552441725669,0.11604276090161592,0.10761149412919521,0.0,0.4693948390213646,0.0,0.06260509550324213,0.3681936582502916,1.0
1,668,-0.48037602287355696,-0.6910220978431538,0.08921057647187491,0.0,0.032964291391527456,0.0,7.938377081104742e-59,0.2726460763497386,1.0
1,672,0.26923577182944936,0.5630954345761878,0.1407587446579449,0.0,0.03816362768808218,0.0,-4.0201511777756936e-05,0.0,0.0
1,673,0.1065942208768477,0.3982588174207748,0.1029240630558312,1.0937376447451328e-20,0.0,1.0,3.0514213509375435e-05,0.4814878082092668,1.0
1,788,0.17271348488400393,0.04825224848899924,0.1343497769189703,0.0,0.4528799270164874,0.0,3.9592266743621077e-13,0.06422622720715465,1.0
1,789,0.13172087571994057,0.3653109041606313,0.08850271301950971,0.0,0.43810081929037425,0.0,1.548730702281181e-07,0.1341907336192195,1.0
1,790,0.24971594060687854,0.23026751479334628,0.1344154907273449,0.0,0.004961129658086757,0.0,1.0365642833607303e-13,0.2832823630199931,1.0
1,792,0.04261608779656027,-0.706817006716412,0.12712304159143312,0.0,0.3261149333914686,0.0,-3.1897718585254835e-14,0.39282485612111046,0.0
1,810,-0.08496852097947151,-0.08058279966862258,0.05816751283156607,0.0,0.00011605971132303988,0.0,-1.846582109842702e-26,0.06214527530192504,0.0
1,885,-0.05828188867464654,0.29334622786135933,0.07139296207201577,0.0,0.001330841424250273,0.0,-1.7740539198789603e-28,0.15261052975761552,0.0
1,886,0.5025898449440256,0.5430137545452316,0.14418575325800645,7.39826576141472e-301,0.7955824572780321,1.0,0.00012843102788915862,0.6679576179285744,1.0
1,917,0.2271602076611992,0.1495576422592924,0.10186911714925062,0.0,5.156104152304053e-05,0.0,3.2499661887181284e-30,0.06135804166137582,1.0
1,985,0.4700879912060273,0.40082162963067425,0.1194964867344123,1.0,0.31930225322222877,1.0,0.008761392100534626,0.2655440590536758,1.0
1,993,-0.2203914899838117,-0.05125063228483702,0.13093874968523944,0.0,0.47767115274011657,0.0,2.1742276778879558e-13,0.14330868591998053,1.0
1,1052,0.3239966354121506,-0.08590717902525732,0.08533228545194099,0.0,2.8138082741820483e-05,0.0,-6.4174806797035e-23,0.005146613520820888,0.0
1,1062,-0.16520108057128646,0.6684027205719727,0.10920112522274787,2.257516874938212e-298,0.004615531710446041,1.0,3.376418268841921e-07,0.12402284902673466,1.0
1,1084,0.1817779436897149,0.06437811140623999,0.14185952239637922,0.0,5.423308468976984e-10,0.0,1.0055772692774885e-14,0.02287917943848239,1.0
1,1129,-0.2733952871922328,-0.08110623161347169,0.06052704164006245,0.0,0.03682867823312146,0.0,-1.4699924838262896e-21,0.0,0.0
1,1143,-0.14692377554513322,-0.12494387887630497,0.10077122452128946,0.0,0.27515304837333765,0.0,-9.367083022979719e-34,0.03619155480352845,0.0
1,1207,-0.1593883114482674,-0.08709035160176379,0.044189578030436064,0.0,0.0009658478132077907,0.0,-2.0538297775744263e-24,0.004278308727054259,0.0
1,1308,0.09225745556348845,0.04142957943944886,0.13160373813068496,0.0,0.45116683035787253,0.0,2.935239703454325e-11,0.09329192985857859,1.0
1,1369,0.18572124608892382,-0.11694074088939127,0.0801221016017084,0.0,0.03793373499446731,0.0,1.925295715082003e-15,0.15712658797229467,1.0
1,1423,0.22115331581635858,0.03724111586379125,0.0522358057272411,0.0,0.00016137957979250883,0.0,1.7361546783062266e-10,0.13147558432978357,1.0
1,1433,0.06362791764202536,-0.7487175191929341,0.09498823508461679,0.0,0.4777764524752582,0.0,2.468796051305988e-33,0.1220478556553088,1.0
1,1442,0.15425292319179018,0.5731035209912737,0.11724570150412136,0.0,4.472547057593479e-05,0.0,3.5986914294472734e-08,0.042285308806804894,1.0
1,1455,-0.06941608422180028,-0.35566146115201447,0.07733035272057262,0.0,0.00018419730580215843,0.0,-6.824077108200951e-28,0.0,0.0
1,1464,0.32039237297526946,0.775964627006773,0.12241951323368686,0.0,0.04239715053270038,0.0,1.2677986572433883e-15,0.03131819530306129,1.0
1,1488,-0.4447951675813142,-0.3877636605402133,0.12643649993629613,0.0,0.44403098911053346,0.0,9.971747947561349e-27,0.1628772710648081,1.0
1,1516,0.01918866920428408,0.014445209966276303,0.05132829769765678,0.0,0.0,0.0,-9.219472166314756e-26,0.0,0.0
1,1524,-0.13475343114906885,0.1250318068534761,0.09583104772772118,0.0,0.0,0.0,1.5630707136422218e-55,0.07753677222402439,1.0
1,1537,-0.5060054965019157,-0.26206042547575326,0.13009889647618467,0.0,0.0,0.0,3.924889242578851e-39,0.005615448008051638,1.0
1,1546,0.23157485927217808,-0.015420838319798617,0.15345385929940328,0.0,0.13018687425447095,0.0,9.81392690455224e-07,0.08814676908423513,1.0
1,1577,-0.45595791376079253,0.017651090343684506,0.15055832053555954,0.0,0.0,0.0,4.219536703576873e-24,0.1387337579886706,1.0
1,1594,-0.15543981784361088,0.8156855673027686,0.13530578198056975,0.0,0.10681177174408794,0.0,6.283277030463078e-10,0.013780336686495087,1.0
1,1604,-0.24780327073315228,-0.32510807022627997,0.09226584984468292,0.0,1.9513258684433765e-06,0.0,-3.381469941968394e-24,0.05129482980117078,0.0
1,1616,0.3875106169572675,0.7127923254967137,0.12905735306657953,0.0,0.3234348403475368,0.0,6.359016816010792e-14,0.3281375568936635,1.0
1,1619,0.31688202550246436,0.811240100747922,0.1444480107653511,8.306689572080278e-152,0.12172792737131892,1.0,7.225234227782591e-05,0.07498885639678068,1.0
1,1653,0.23997138624310443,0.42926548822433735,0.10457498342339393,0.0,0.08795911493197164,0.0,4.09795964743785e-08,0.40090469483287705,1.0
1,1658,0.4277348848801469,-0.03864345387102261,0.12489173191081612,0.0,0.3239525811510859,0.0,9.423385669034587e-26,0.006859262859825632,1.0
1,1680,0.40277630734294334,0.3253488288252903,0.12806943095917034,1.0,0.08867428353886249,1.0,0.003275147027347945,0.28211296596691154,1.0
1,1706,-0.27183056366946745,-0.0644627209394499,0.09501904675333876,0.0,0.0,0.0,-3.79089808921014e-32,0.039635911049033405,0.0
1,1708,0.04691206700699607,0.6560369720561781,0.10448994587534323,0.0,0.5545143709468079,0.0,1.3095442699708756e-08,0.06756617030715106,1.0
1,1714,-0.12949811448727225,-0.12965800658117693,0.05629986350743064,0.0,0.0,0.0,-5.215162056695307e-21,0.08810666443041608,0.0
1,1720,0.1567641942684499,0.1276460503362015,0.0756471444648139,0.0,0.03718148472025961,0.0,2.3372227223219826e-14,0.048253619553744284,1.0
1,1732,0.0960992501841334,0.8816042326327913,0.13029452444088332,0.9998455709947911,0.001881989636835224,1.0,-2.273327420800801e-06,0.13899418757337928,0.0
1,1742,0.43020750571188004,0.642757669679878,0.14271480264488975,0.0,0.0004345344481742064,0.0,0.008648473781357868,0.4187090719636075,1.0
1,1751,0.1592835792692407,0.2179224903033131,0.1399693319278141,5.510872358235297e-183,0.00839507438478356,1.0,2.6674355858139596e-08,0.002868447043021971,1.0
1,1754,0.3299776411667509,0.1322940891960097,0.1364586598700395,0.0,0.048044599544920234,0.0,4.70635655684534e-10,0.07550947824004531,1.0
1,1792,-0.09830570745442341,0.7895713983827422,0.12270674528324031,0.0,0.0,0.0,1.5573914224164934e-09,0.13054357480744097,1.0
1,1794,0.21712226425031228,0.3302103510715744,0.12569424175349425,0.0,0.4401554165949121,0.0,1.2525136795719997e-09,0.0,1.0
1,1796,0.019112601790928427,0.26017891798213133,0.1409577261796066,3.9999155535374183e-234,0.005247319862890731,1.0,1.3272558761680905e-07,0.19183489633654005,1.0
1,1821,-0.1740314096738234,-0.5506377932905908,0.09176548736508246,0.0,0.19245595351002057,0.0,3.592260519824103e-18,0.08069447553569177,1.0
1,1844,0.3806979822596538,0.7098432290248966,0.10479114700635156,0.0,0.15513317397507828,0.0,9.486296810054207e-08,0.19597055655411516,1.0
1,1851,-0.09047299290638755,0.11373614081245657,0.051635898149515594,0.0,0.16972157680897987,0.0,-3.007619813267906e-05,0.31775112369247527,0.0
1,1877,0.059690756933933914,-0.0920926195746282,0.086034326247435,0.0,0.48880115242793754,0.0,-4.5032779738580426e-27,0.12177494150926968,0.0
1,1891,0.35472988438765596,0.5453499009625383,0.10526870509977254,0.0,0.5191425753143055,0.0,0.0002546137613181166,0.33492526745121926,1.0
1,1893,0.03164324542965992,0.3033741830520905,0.1222638986777489,-1.0,0.32497631335152516,0.0,0.015222151748739155,0.23226887693461126,1.0
1,1913,0.005485338101062762,0.501431143605612,0.11365626714425672,0.0,0.12781700010665936,0.0,2.8463521112715686e-27,0.022109507118725363,1.0
1,1935,0.1546197498910944,0.15202170866861636,0.1201191288303333,0.0,0.004340710491679556,0.0,2.150419524010913e-11,0.2098483988579213,1.0
1,1939,0.180385430389314,0.1325767932921868,0.1133770329512957,9.154725058243413e-96,0.014427115847961913,1.0,-1.7022547005909382e-06,0.04717398537497347,0.0
1,1944,0.039589950095506456,0.11835165005312061,0.08498941759527388,0.0,0.3315732271638304,0.0,-8.084295356296436e-28,0.058751135718862924,0.0
1,1950,-0.003860634880266403,0.25232033878308424,0.0533234024149118,0.0,0.00013121984153556643,0.0,1.5325647954947711e-43,0.003888461768975837,1.0
1,1993,0.14422770410383107,0.8491383399693246,0.06919622556304851,0.0,2.8818673916797266e-05,0.0,1.1774309219091136e-16,0.15821266358936315,1.0
1,1996,0.4680023174949608,0.6211277523455655,0.15609844325156347,0.0,0.10969285294854249,0.0,1.323199891628047e-06,0.27843069221511757,1.0
1,2022,-0.0337378219832338,0.3381870854401242,0.08767277831810791,0.0,0.00043554955509161886,0.0,-2.1679764306164215e-27,0.1459476191933537,0.0
1,2029,0.1391529320364355,0.5599942041571222,0.1310944392115488,1.4689568117038524e-224,0.0,1.0,7.33843379925604e-08,0.10871741001871048,1.0
1,2032,0.06918171005330966,-0.2077085735286725,0.11103480529422077,0.0,0.24895397185425822,0.0,3.2938118498985174e-10,0.013997345292609915,1.0
1,2062,0.31390094593940576,0.2803768052599829,0.12664927648474422,0.0,0.5170932776099971,0.0,3.98752418743327e-06,0.25111987139042,1.0
1,2067,0.5886319523705501,0.2506192221075789,0.07310671872631604,0.0,0.04825566224726354,0.0,1.9055477225509792e-16,0.03779144863767674,1.0
1,2073,-0.08111402562419642,-0.3787281929902105,0.06899680560410808,0.0,0.14608759206077748,0.0,-1.91746169011892e-20,0.12561713483087023,0.0
1,2119,0.4530916195376852,0.620047710735755,0.09951915529832123,0.0,0.014890933881021418,0.0,1.7280000831717228e-06,0.14977085818241143,1.0
1,2132,-0.047510586864731794,0.5662302930330683,0.09845133880304417,1.0,0.016237812923564854,1.0,4.7613552625783575e-08,0.06376512615800323,1.0
1,2135,0.011074397773267776,0.20844263713212197,0.14360588875253824,0.0,0.016090590676548278,0.0,4.924858529505548e-10,0.0443537659865767,1.0
1,2148,-0.2412186483847361,0.1697476358208572,0.12676278170197067,0.0,0.0003183238042860359,0.0,-6.432601566068034e-07,0.16865407925827738,0.0
1,2156,0.1504030016438645,0.48398716752000304,0.07991830814608199,0.0,0.736044018169808,0.0,4.0764780353394836e-05,0.4231898474629226,1.0
1,2205,-0.07477858137303647,0.37094590190827426,0.09541510405087551,0.0,0.012008603090197245,0.0,9.265428389842386e-30,0.019835836011362185,1.0
1,2211,-0.13396444582239567,-0.34646893216856656,0.0999070092744491,0.0,1.7234657390119423e-07,0.0,-3.000805192726078e-15,0.24311085663913118,0.0
1,2263,0.3810121997799514,0.1525548114928234,0.12132404419346936,0.0,0.43686174945031103,0.0,0.010878809254662775,0.2238019870992083,1.0
1,2278,-0.1732293921922832,0.42894774546389447,0.04065203126432977,5.362274939650574e-220,0.035491994293826046,1.0,-1.420565331313403e-06,0.04682837904838755,0.0
1,2297,0.03951607641627823,-0.06157285776960836,0.1392636249908752,0.0,3.935169098912006e-07,0.0,4.476056632696431e-15,0.17666414827351173,1.0
1,2298,0.09400951096540093,0.11286684275753969,0.09255516676949224,1.173219212258124e-149,0.2608964645897231,1.0,4.3079428597025916e-10,0.07565141853132035,1.0
1,2308,0.07897169843895602,0.3487728524492333,0.09885575019004196,6.465326469386136e-183,0.03418391346009374,1.0,-1.3599823554179631e-05,0.05866548497156948,0.0
1,2324,-0.25876551953059745,-0.28968622995034465,0.12204444669370643,0.0,0.3897642220912405,0.0,-7.617375253589485e-26,0.04552852158644177,0.0
1,2329,0.156884170814545,0.1888611747094248,0.10170630511493695,0.0,0.34394868393070666,0.0,5.356741120221693e-05,0.14872814450311997,1.0
1,2335,-0.11683157208424708,0.17756640259892686,0.09880893889225094,0.0,0.11865722130403289,0.0,0.00010047973601048272,0.25046932274262723,1.0
1,2342,0.25155790726204974,0.21101782917555792,0.09206814019392327,0.0,0.42957233244571436,0.0,0.004003695051650142,0.25860748986426474,1.0
1,2371,0.2118206365089429,0.3458890976997674,0.07722475698355236,0.0,0.4835666596066897,0.0,1.1006623803075147e-07,0.1689014132524364,1.0
1,2385,-0.46945661593506743,-0.2989862670553419,0.11272402903237308,0.0,0.1771263023502152,0.0,1.3235012971316242e-57,0.002654161883585804,1.0
1,2419,-0.2757649918249027,-0.1495165551187615,0.1276097337042972,0.0,0.32758613760058775,0.0,2.348290614944755e-22,0.1082727692565928,1.0
1,2421,0.31464409817920946,0.7621036045648932,0.11371833814421216,0.0,0.20308858754119957,0.0,3.603947756065114e-38,0.14116944103276158,1.0
1,2426,0.45108592801477165,0.8022089530484094,0.10211445802027781,0.0,0.249635984184244,0.0,2.920560103397702e-07,0.19909415188030793,1.0
1,2442,0.07624241104052272,0.4063610797861343,0.1022510030500347,0.0,0.0,0.0,4.243117941068752e-15,0.07290301670947924,1.0
1,2449,0.49229235857546305,0.7280158270123719,0.12926907971232754,-3.8503903963868814e-113,0.06745157953491238,0.0,0.26111261148630543,0.4554997885842685,1.0
1,2488,-0.168648073580968,-0.017981174784329965,0.10818530454819845,0.0,0.18890081671003373,0.0,8.28900028769695e-06,0.12967224188976378,1.0
1,2499,0.2451561364722823,0.6497022877949081,0.1043706812881121,0.0,0.04929577148180414,0.0,2.0535179932083958e-05,0.0,1.0
1,2533,0.10005179940630213,0.4775272435040824,0.13459944771880145,5.782852199648821e-45,0.48534374687676335,1.0,0.00014253668052823966,0.24955668699856032,1.0
1,2554,-0.06207180916364766,-0.09893491163168414,0.1298052895491739,0.0,0.013548530404641925,0.0,2.1891776967219647e-21,0.14123691417899076,1.0
1,2555,0.13446674173334827,0.3721895428125262,0.1235852037984067,1.0,0.264752606996856,1.0,-0.0007108578694070402,0.08638797242796578,0.0
1,2566,0.372877871446022,0.5934916308164639,0.13715578279312463,0.0,0.0,0.0,1.3126072464492324e-05,0.0,1.0
1,2592,0.16629613396110227,0.7418565995527527,0.12228369392698939,0.0,0.06555482260115014,0.0,-2.279231382611438e-24,0.08176156824422964,0.0
1,2597,0.0015831800533198243,0.25858711627458497,0.12059467136280567,0.0,0.010069364892766719,0.0,0.029186245912215088,0.06463946046206204,1.0
1,2602,0.42162351403974174,0.6375644652028005,0.1356262513490287,0.0,0.478103040675691,0.0,3.3564569516421184e-05,0.1630062719314337,1.0
1,2656,0.22029702620867586,0.5628662470115486,0.09249759405437984,0.0,0.36509065562643894,0.0,0.00014430503300067113,0.2849480679104378,1.0
1,2669,0.32535189870755743,-0.03413813935358996,0.09532172189356938,1.0,0.4910400506314793,1.0,0.001969119246589797,0.35937087350963737,1.0
1,2725,0.4901924032191237,0.7874620505035466,0.12962803218700342,0.0,3.1147990853241936e-09,0.0,1.1667408329215818e-10,0.08617296963701959,1.0
1,2735,0.06150945698873495,0.07053472100684807,0.06857461632774008,0.0,0.00045592272181405047,0.0,5.939940096650075e-10,0.08275595388759932,1.0
1,2752,-0.38922710299675,0.0288669331657318,0.10317803224094878,0.0,0.37850602708357944,0.0,-4.60255699951099e-27,0.10582090336247268,0.0
1,2934,0.3189604070603457,0.4443493402174108,0.10516455115470068,0.0,0.2473871969146045,0.0,8.417117798915682e-05,0.11317669404383746,1.0
1,2951,0.12177982188319186,0.304144259476548,0.10164449427283373,0.0,0.14188072886471198,0.0,1.9702734382226495e-11,0.1602896866238135,1.0
1,2963,-0.08298503752992642,0.1900856946220399,0.0672942405758953,0.0,0.1654669494852215,0.0,1.5861890562500973e-57,0.1909353696900014,1.0
1,2973,-0.08743717748809329,-0.16829824933640058,0.08517456472917323,0.0,0.0,0.0,2.0798588009297152e-51,0.155607811082056,1.0
1,3058,-0.06198880555536168,-0.11421173289367728,0.07503107280014862,0.0,1.470614735654685e-06,0.0,-6.467777160775262e-23,0.09174698230279626,0.0
1,3068,0.12123945591984987,-0.17068097262800805,0.11753619814101562,0.0,0.011574269262219272,0.0,9.343536394639509e-19,0.035161771475667805,1.0
1,3133,-0.013763338104273694,0.042324513728462604,0.07799059359670175,0.0,0.030208580012390518,0.0,2.1081906574009404e-50,0.22953658531649485,1.0
1,3163,0.20111828107361795,-0.0444153110662182,0.05222806897070247,0.0,0.0020128831226322213,0.0,3.4380688211389907e-10,0.13410816523888047,1.0
1,3217,0.37966226020232474,0.5925387159940463,0.11627512816544533,1.0864690753789724e-278,0.48038700884820684,1.0,7.333809667728377e-05,0.5269991126482749,1.0
1,3231,-0.053431031570777006,0.10294004580281543,0.07373154919503304,0.0,0.0005297901197656163,0.0,-4.0272585950094724e-25,0.09635058390158097,0.0
1,3243,0.16744941441747652,0.3132684614899443,0.0930465756968202,1.677337156930427e-85,0.4925363405484678,1.0,1.7533467006379282e-08,0.0594533489287386,1.0
1,3254,0.20140273514796903,0.28983596886761553,0.09350203751087315,0.0,9.770808500623293e-09,0.0,-1.2787085022817566e-20,0.0008938615975048574,0.0
1,3260,-0.14118242272916331,-0.3833719546485086,0.11535787762832374,0.0,0.0006443557760450469,0.0,-1.2537687622639906e-19,0.12935369194891316,0.0
1,3263,-0.40515979178326156,0.4116626418151078,0.04544099567322946,0.0,0.0056739804315582565,0.0,9.08433143976419e-62,0.06246012135751597,1.0
1,3273,0.3194742617569184,0.44943408580752003,0.10545393419590104,-3.957225754317334e-139,0.4652855730409235,0.0,0.10860350823695163,0.2705543890157466,1.0
1,3283,0.166852017174337,-0.10851858322133413,0.03946087157853127,0.0,0.0,0.0,6.221802039785121e-48,0.11489491591737333,1.0
1,3291,0.28883537693962225,0.4555287774738913,0.09133473643331765,1.0,0.039614538165625046,1.0,6.547653842978244e-05,0.2206698249722237,1.0
1,3327,-0.15075133521763334,-0.49494519632567735,0.08264733213153054,0.0,0.0017498105437619427,0.0,-4.218704845669834e-23,0.016878661922025973,0.0
1,3379,0.20978488122985917,0.3679682086313275,0.08453517353663931,1.977483905759244e-183,0.13582869176964116,1.0,1.4566089283222274e-05,0.4248029636972975,1.0
1,3420,0.36767000432639463,0.8691618971110331,0.13737096917313193,0.0,1.8886739739543135e-05,0.0,1.4226201392717735e-07,0.031040852373701078,1.0
1,3455,0.32597432217632855,0.19058704079422364,0.11487983019948224,1.0,0.3321165062588591,1.0,3.385013340119816e-05,0.2614175257646948,1.0
1,3484,0.14426274821422763,0.7017994032565877,0.1064559816789585,0.0,0.00020674920705587851,0.0,9.109697178453956e-12,0.13263073934736713,1.0
1,3549,0.18011006126742293,-0.48795537714311954,0.10394476534473059,0.0,1.8619767808343725e-05,0.0,-3.7002866075351204e-35,0.0037928734788568114,0.0
1,3653,0.056793157247303605,-0.02202824209780887,0.08591034513943498,0.0,0.0,0.0,3.8340703078411044e-29,0.0,1.0
1,3680,-0.18090316482865468,0.5231900422783918,0.11388422531119831,0.0,3.42277473610042e-05,0.0,4.2708528700373204e-20,0.12919071913839342,1.0
1,3703,-0.26506021585084355,-0.0293719420701102,0.09075013766381311,0.0,0.2946737522472467,0.0,1.1208644790595748e-07,0.20194642949578007,1.0
1,3752,-0.3848973400375999,-0.6068114275826653,0.06632393658780154,0.0,0.0,0.0,5.350425376952187e-19,0.08540480248082169,1.0
1,3761,0.1530617529331961,0.731465515960414,0.12838032847306158,3.4390666990598772e-230,0.5079316987805536,1.0,1.2296610598743729e-05,0.20156075258199335,1.0
1,3764,-0.01845182334490217,-0.14146353613624196,0.04939014114993107,0.0,0.0013959192894288882,0.0,-4.5687485781910065e-28,0.13003127397664418,0.0
1,3769,0.1239582531998446,0.47940609488163105,0.06322285532138576,0.0,0.2921192300489964,0.0,4.982620311246478e-06,0.22918103302059076,1.0
1,3848,-0.24340952855143128,-0.21815116489475453,0.052580802170898895,0.0,0.0258627808142059,0.0,-1.0716504217069478e-24,0.10463458555563765,0.0
1,3861,-0.040318792201336454,0.6357695184718483,0.12248615862683523,3.88749704674162e-301,0.49657350474295,1.0,4.116119838722958e-05,0.11367359209051048,1.0
1,3936,0.3116523549969947,-0.07916861231582525,0.0951527758460212,0.0,0.0004002645435968781,0.0,2.1595472933828057e-13,0.0,1.0
1,3939,0.3239788693650601,0.2311338492692137,0.0796325643784624,0.0,0.5014522365308566,0.0,1.5581942200635956e-12,0.42631156165644374,1.0
1,3942,-0.29597737165213517,0.5290035502445161,0.11208917431092348,4.694837461500626e-76,0.10194649898616281,1.0,-0.0001355251901518307,0.08551402854476603,0.0
1,3945,-0.10719169019307416,-0.16785958471891832,0.12301446599980081,0.0,0.0017847019732175945,0.0,2.1761813080412137e-57,0.09433517526893517,1.0
1,4024,0.326867289310175,0.6927175753724942,0.13284946144342863,0.0,0.6049038198882688,0.0,6.27620433718649e-06,0.1973328559905238,1.0
1,4074,-0.08498512129991867,-0.06294107365561409,0.058973944476415296,0.0,0.00021675623293775293,0.0,-2.2152496580240182e-21,0.07156357720058765,0.0
1,4083,0.3952499792464875,0.6418454782634881,0.12967450576990905,0.0,0.028806546786465548,0.0,0.0999496246030084,0.2314729785537803,1.0
1,4089,0.11791014897061469,0.0744465186348181,0.09917344513275539,0.0,0.06673671379682572,0.0,2.546939810614687e-59,0.2957104903580573,1.0
1,4159,-0.12359797783291808,-0.19955951692500343,0.10495778096385988,0.0,0.017594541546692433,0.0,2.2648635960638505e-07,0.08803016306950096,1.0
1,4207,0.14907532500585896,0.5736045505075564,0.13264929991136548,0.0,0.4046267602344674,0.0,-6.6731728339203715e-06,0.07155800240394156,0.0
1,4232,0.02699919320410754,0.5391469538859044,0.09158233654590509,0.0,0.34532743438526314,0.0,1.9817628528918558e-11,0.34979039952378593,1.0
1,4246,-0.5036000830457831,0.2297730317121593,0.10019244794904901,0.0,0.04407767553728542,0.0,4.703665856603646e-18,0.2046885765195749,1.0
1,4322,0.0739917961955217,0.46127217227830575,0.0821024537549535,1.9292162121290984e-68,0.39037892133621754,1.0,-9.713689698164484e-07,0.2176281652220754,0.0
1,4370,0.36711231034510916,0.2356598804495817,0.0667043211874671,0.0,0.0140206370817288,0.0,3.251963523658096e-16,0.0,1.0
1,4379,0.02752197555913019,0.2943057693971981,0.059660981254883935,0.0,0.2503488821760722,0.0,0.000203732951833757,0.49666697428604867,1.0
1,4383,-0.22248403451641824,-0.030429990564142043,0.06024520246448139,0.0,0.1575281901281998,0.0,2.645993048542237e-57,0.26193631857478367,1.0
1,4456,0.3933610336165587,0.5319322262701116,0.13447739918876617,0.0,0.2689828103034916,0.0,3.675007197483051e-05,0.10438581981742934,1.0
1,4473,0.23753906945787395,0.3203144135143022,0.12087018518942215,-1.9508884196793703e-98,0.009270374755559585,0.0,0.000998081949075325,0.11058762911638442,1.0
1,4489,-0.09084478298614307,-0.0715584028237437,0.13208424707610786,0.0,0.05281431536041431,0.0,1.951813227382927e-25,0.19639882415485294,1.0
1,4490,0.6243920186030217,0.49444810238575415,0.10927980544006186,0.0,0.3999067954166521,0.0,1.1320454709623497e-12,0.577501757179778,1.0
1,4493,0.26350122477191407,0.4130517433991302,0.11492317784818812,0.0,0.011356712253233536,0.0,4.413509328362996e-07,0.34234404861038503,1.0
1,4525,-0.3022702498140422,0.8383812365934834,0.11436949684612295,0.0,0.08846423097758482,0.0,1.0023405750674191e-17,0.16063427507192163,1.0
1,4603,-0.000900690965416881,0.4553123240480346,0.06947837262862049,0.0,0.08394433811197996,0.0,-1.9937587212471024e-15,0.0005586834339493125,0.0
1,4682,0.2578544806846659,0.5137702719663946,0.11396033177836355,0.0,0.3227086507660947,0.0,3.6481932567284435e-08,0.058953716717761076,1.0
1,4688,0.47422605711370014,0.33539385433807706,0.14206767643223617,1.0,0.47419196234467026,1.0,0.01198866933855106,0.45796407770022896,1.0
1,4705,0.19115612892021658,0.3396704196542988,0.10991220844367026,0.0,0.4496947401538186,0.0,4.532299999007409e-06,0.24187689244666466,1.0
1,4739,0.3704118517918124,0.6166681153073724,0.13679325613604604,0.0,9.149248511415773e-49,0.0,2.550532156229143e-05,0.3359633997170792,1.0
1,4759,0.26639254665722273,0.6355377920434508,0.0761490300974541,0.0,0.003806088023448284,0.0,9.404885220721785e-22,0.021018868595263196,1.0
1,4775,0.0188150295992876,0.16464406875173154,0.11013089062579567,0.0,0.0,0.0,-2.484762555518424e-09,0.015556608684663333,0.0
1,4823,-0.17101049694640374,0.12071695241392522,0.08145644984732776,0.0,0.0,0.0,-1.2254083409494649e-29,0.029842757124952962,0.0
1,4826,0.04448315239666067,-0.22507214467206021,0.14533907112658986,0.0,0.015292936680201225,0.0,-6.727521666894798e-32,0.023064530116494245,0.0
1,4832,0.07880995905159567,-0.597839896243944,0.10755582455306875,0.0,9.839799543737149e-05,0.0,9.14086691810952e-67,0.04134506316930303,1.0
1,4880,0.17818278355427908,0.28088667089691954,0.13636824240510248,0.0,0.006955710330734111,0.0,2.8977260150703446e-14,0.3362977023325515,1.0
1,4939,-0.08736613530407286,-0.5588301912724851,0.09296264859733935,0.0,0.001646840604207242,0.0,1.8788461063283315e-14,0.1135046266053224,1.0
1,4972,0.19833480295614186,0.41219332443669265,0.11047533154185228,0.0,0.49953650292222895,0.0,2.2240120832387316e-10,0.3518679696157129,1.0
1,4996,0.2667612472666347,0.21692454836970682,0.09245017252202117,2.865407806072081e-190,0.0,1.0,1.0687966462467195e-08,0.0005924354229413665,1.0
2,24,0.6844242689222777,0.8306771330959254,0.4173276097720719,0.9939548365006233,0.4441112374294793,1.0,0.5973394635790402,0.21405602574462845,1.0
2,428,0.7458116016228565,0.7980359421594101,0.40986006937213815,6.339973649072128e-06,3.064567324411994e-05,1.0,0.37487364610385954,0.2081233282520353,1.0
2,530,0.5927542918844222,0.7370362036823184,0.41128316238286755,0.9988372726377921,0.5000064379596106,1.0,0.7968873712133112,0.028414120458240554,1.0
2,792,0.6901279982161207,0.8947151393064554,0.4188488233128873,0.9853615114070555,0.499246267617238,1.0,0.5453780186622785,0.4123450952460138,1.0
2,2032,0.6688862491269638,0.776665155039333,0.4174682104083254,0.9957893008004037,0.2518433204410759,1.0,0.8708997252837694,0.16932386045037617,1.0
2,2083,0.6482401590066535,0.918847766651866,0.4068392648725876,1.601238809323391e-07,0.5,1.0,0.26924530781693934,0.503211448354151,1.0
2,4370,0.7096352941541477,0.7242074438618791,0.4093301486151359,0.9946081610922891,0.518806960045326,1.0,0.7236525440234464,0.017975099667604903,1.0
2,4603,0.5190534176306384,0.6474118065974159,0.41374774400062037,0.17074294623317698,0.08472708761599375,1.0,0.17689514425448083,0.0007038885234222003,1.0
2,4739,0.7608883657430936,0.8575955143882198,0.42005485391554065,0.9999720400315086,9.149248511415773e-49,1.0,0.8678082736690516,0.20594694191403165,1.0
2,4775,0.6929989130535763,0.8500759565283387,0.41599824685966985,0.00039880285731341836,1.0750828340243081e-185,1.0,0.12284006077112364,0.15474152845010197,1.0
2,4996,0.6930700940311953,0.8517167894740272,0.4100092328374593,0.9418712479354842,0.017215424658448223,1.0,0.18622662052850603,0.1841344505654431,1.0
3,58,0.7895032267897119,0.8132856064946048,0.19593538002254587,1.0,0.5125578401425085,1.0,0.6931978191935041,0.46935847952931853,1.0
3,62,0.5868994690647105,0.5579355756656719,0.208918038522646,1.0,0.49808879726580507,1.0,0.30260544416139584,0.1844810273021854,1.0
3,72,0.2451593824948005,0.5850102811044399,0.217654471652652,1.0,1.7505454641408846e-08,1.0,0.009567989005746595,0.20925832043730658,1.0
3,173,0.5167529263796089,0.49296907728508155,0.18847708949790204,2.965328409785396e-69,0.016569731844984177,1.0,0.8133187474170768,0.4218250039832309,1.0
3,191,0.540987406729776,0.785058433131846,0.2130426204667519,0.0,0.493572549350099,0.0,0.6604233339215997,0.08092460656675884,1.0
3,235,0.38854164512456546,0.44080608182120135,0.20589374311270864,0.0,4.3625832320981495e-05,0.0,0.0011599062979928355,0.03460319077941032,1.0
3,260,0.8532509060055218,0.6691598283929173,0.2019980826083037,0.0,0.4991156431374479,0.0,0.9557391156284774,0.5110869952462967,1.0
3,279,0.7012726496214372,0.5573418744199141,0.2028576907674185,0.0,0.017027813298497396,0.0,0.9875451644951595,0.30184352586853275,1.0
3,300,0.8153187808630348,0.7150282139675979,0.2110814515606682,1.0,0.8816516574150546,1.0,0.8330758711759553,0.6744986947822526,1.0
3,311,0.4206869564321146,0.5961046607335974,0.21574594893184823,1.0,0.008287279612210192,1.0,0.4112943710034885,0.18640300396061,1.0
3,314,0.5630781152054791,0.7468521474846603,0.2156096234944389,1.0,0.4428757773002987,1.0,0.9663381210760619,0.4981171885588221,1.0
3,324,0.6507106159701204,0.6542549900257496,0.1909544812588697,1.0,0.4999977107910085,1.0,0.5063866245206622,0.5074365551068853,1.0
3,343,0.5112912307155877,0.5508951356383404,0.21906586050139576,0.0,2.4581891366746626e-05,0.0,0.04286004880671899,0.24516571268919551,1.0
3,364,0.6655526677092228,0.7783250118579739,0.20111847075783232,1.0,0.5748093126138818,1.0,0.45088917505509535,0.4878208930501945,1.0
3,368,0.5511965762898433,0.35131881567510814,0.1922945851075335,0.0,0.3898509999440475,0.0,0.10198025343131255,0.327489668735906,1.0
3,428,0.5770764888050123,0.6442550857351828,0.19443221658795307,1.0,3.02118518320953e-05,1.0,0.3164440952672137,0.2143704629111345,1.0
3,436,0.7772388527580718,0.6323427403974609,0.19757440404245505,1.0,0.002781199809838462,1.0,0.9893445839146809,0.4022457294557098,1.0
3,447,0.2885063153262707,0.3341603458431056,0.19538488870192244,0.0,6.73195980651144e-05,0.0,3.349265301566082e-05,0.013081506590820588,1.0
3,473,0.6089501643643842,0.4627459773977589,0.2090333804654885,1.9475410841793862e-203,0.0592991742300321,1.0,0.263184683607721,0.3069030028473423,1.0
3,528,0.4594435345610782,0.6526103510682598,0.20447781106033647,0.0,0.025695792254763542,0.0,0.015100457760916852,0.3627171308847514,1.0
3,572,0.7554846557207061,0.7726823134042571,0.21398556962130832,1.0,0.4127443385957606,1.0,0.6363798888057344,0.249482316299518,1.0
3,622,0.4474709908627743,0.7949111026278708,0.2122532710368629,1.0,0.5914860254378991,1.0,0.47354143029212675,0.5322124660793791,1.0
3,630,0.70428843762177,0.7911333600006989,0.21878213024460375,1.0,0.4989455476208468,1.0,0.8303022800544811,0.4692858896450057,1.0
3,631,0.736513703133356,0.7749724710922474,0.20707092514886147,1.0,2.052340319980079e-06,1.0,0.09770798422790782,0.017447821893192186,1.0
3,636,0.7060790999890874,0.7002619681242298,0.22090014223246626,2.865050006170369e-18,0.7565006594727011,1.0,0.1487483466604072,0.08711980848104979,1.0
3,663,0.4754675210606219,0.6685154659827529,0.19634116329239526,1.0,0.4972051248121065,1.0,0.587083669836078,0.4801920101845949,1.0
3,668,0.6696698114590502,0.8371543219922489,0.19437818780549443,1.0,0.49938830058459405,1.0,0.6860098962851376,0.504634091389409,1.0
3,672,0.568591510943363,0.6966849815103813,0.2167980512233948,1.0,0.38625650359486635,1.0,0.47400751042762035,0.1281766176236064,1.0
3,788,0.5482419462688313,0.6428485327566134,0.21987935662631125,0.0,0.3871064254111546,0.0,0.9979485886900208,0.4703365051850895,1.0
3,790,0.8526528767552528,0.7699754224963872,0.21692526969212345,1.0,0.024830231825104493,1.0,0.5760527627261984,0.5484593455384621,1.0
3,810,0.5771542944630935,0.5425377744807224,0.18909618510170406,1.0,0.004421834858509812,1.0,0.9331531280519602,0.5560745797180583,1.0
3,885,0.6301257749879625,0.4908492918532428,0.19155600586084476,0.0,0.7035502216830385,0.0,0.025847414956017608,0.643936232054684,1.0
3,886,0.866400425314112,0.7916107018472861,0.2121915386945803,1.0,0.9875571775355505,1.0,0.8187968662817283,0.8486300552622081,1.0
3,917,0.5678896691567745,0.7244013292452514,0.2089333452327034,1.0,0.018106260563741768,1.0,0.36334187999544104,0.12597806236606096,1.0
3,985,0.789485918305457,0.6679344392524569,0.19932496874765052,1.0,0.6410040903139494,1.0,0.5852147729322423,0.4164489255425102,1.0
3,993,0.6675800649285496,0.6698216572496124,0.2022127390825842,0.0,0.838137071676971,0.0,0.9371618284114553,0.49040734143235243,1.0
3,1052,0.3844033970313151,0.378478543953488,0.20095631901903338,0.0,0.0009595535389898068,0.0,0.0011962712572764285,0.048149294544924164,1.0
3,1062,0.829379710808601,0.787414306442243,0.19307549297186186,1.0,0.9517931004870699,1.0,0.7165690041083953,0.6507989279342336,1.0
3,1084,0.6345705252099745,0.7186226480578795,0.220191497962255,1.0,1.0094591829101773e-11,1.0,0.1628093714822879,0.026570781757455714,1.0
3,1129,0.2041264624234804,0.5783167540877323,0.1900536202876816,0.0,0.036844516329800264,0.0,0.0005189554251684758,0.12668736125737662,1.0
3,1143,0.7027799729164266,0.6408430752807739,0.2052769117145228,0.0,0.2968286553514213,0.0,0.9512130832646972,0.18883681078258976,1.0
3,1207,0.30306697247991404,0.5096966484292152,0.18712419178216164,0.0,0.0010332638077026931,0.0,0.0063936560205591,0.19721405937056685,1.0
3,1220,0.672572563183564,0.6900055329566348,0.20391646300506433,1.0,0.49418357526977286,1.0,0.5217403380107505,0.1985150190952653,1.0
3,1308,0.7146556291132087,0.7265243364185676,0.20882933803406453,1.0,0.45603180581947544,1.0,0.5416971439941057,0.10693510805222671,1.0
3,1369,0.4659424492507409,0.5209309666387192,0.19585883548681282,2.6201830990908226e-158,0.038403642819914076,1.0,0.6636453116315437,0.49990915412835524,1.0
3,1423,0.27017365085132317,0.6308421960856646,0.1875797684727447,0.0,0.000109082205461332,0.0,0.00433305811493187,0.23658827741572236,1.0
3,1433,0.6435321286718764,0.8570951548756673,0.20925181192375222,1.0,0.49581288106642685,1.0,0.8909937462349617,0.4988309028955889,1.0
3,1442,0.6791002838499045,0.5981577801089214,0.1999046367773114,0.0,0.006650936356176695,0.0,0.43772908928327814,0.20685682030494523,1.0
3,1455,0.6990920716662044,0.6578164584783698,0.19664349243631662,1.0,0.5453930604167249,1.0,0.5131290464624872,0.33109419394120815,1.0
3,1464,0.7061311516332878,0.7497541610370582,0.21464663461127384,1.0,0.38607110686668544,1.0,0.27412618467348004,0.49333277089147437,1.0
3,1488,0.6171245501095268,0.6196103913817891,0.20767439810586907,0.0,0.49971175499292136,0.0,0.542470465066873,0.4927353038867437,1.0
3,1516,0.5121945246570351,0.47894531886757136,0.1882158490969933,0.0,0.0014699571296791154,0.0,0.6595418044990017,0.4293978932651194,1.0
3,1537,0.7731476918667932,0.7274018577571035,0.21429428200443928,0.0,1.7814036010503318e-05,0.0,0.9906619766565143,0.46332709110052184,1.0
3,1546,0.8162314067074588,0.605833873063733,0.23799724584695137,1.0,0.6716450488241572,1.0,0.819904138599165,0.3923217553696626,1.0
3,1577,0.4883684369975629,0.6622466002032321,0.228076796785937,0.0,0.10616286738952381,0.0,0.5163264872810932,0.49211257592422847,1.0
3,1594,0.6086757018554696,0.773618234303011,0.21913022942739893,0.0,0.20298049233983267,0.0,0.8654527928792703,0.3650065984581544,1.0
3,1604,0.7128698316115583,0.5386144891386078,0.19827020680027962,0.0,0.04303815915728693,0.0,0.6292603106840665,0.5865101640463067,1.0
3,1616,0.6923346891146565,0.7505955902603704,0.20430308258477012,1.0,0.6177681805822283,1.0,0.558508726796137,0.5597285635134875,1.0
3,1619,0.5677627109312606,0.647763062542392,0.21439488834834716,1.0,0.15772529423431977,1.0,0.8809461909601286,0.27742176618798364,1.0
3,1653,0.5977938499103272,0.7275454699790133,0.19841407264781277,1.0,0.232128093118776,1.0,0.7023400771198683,0.7539539050700275,1.0
3,1658,0.5779079928662685,0.6575339603110333,0.21366164694737702,1.0,0.43371299200146424,1.0,0.10700804422216505,0.06041702051830528,1.0
3,1706,0.518971816802304,0.3405835040060331,0.1998117871258327,0.0,0.0007883994909079758,0.0,0.5167392881772714,0.0729068928910629,1.0
3,1708,0.814445862682308,0.7990756195393734,0.1962529553289269,1.0,0.9894659869140645,1.0,0.7348597341263475,0.4963617594401668,1.0
3,1714,0.43533415057221525,0.569819850852042,0.188538645518502,0.0,0.000261132485982497,0.0,0.41491138338113415,0.44001578090529475,1.0
3,1720,0.35839478562066324,0.4660554628736251,0.19285504010601134,0.0,0.03909279091258546,0.0,0.10364428389923572,0.2892627131676183,1.0
3,1732,0.44072359627532737,0.7191581434528365,0.2093840770382471,1.0,0.4997204790368223,1.0,0.33723199283117933,0.2881103055356218,1.0
3,1742,0.4244763194397796,0.6524173794112748,0.23034740211998062,1.0,0.002476808242089179,1.0,0.3791441760417262,0.3808314443824013,1.0
3,1751,0.6139617053102648,0.5816401023986661,0.21144644141236713,1.0,0.008855615708109624,1.0,0.4884529286797869,0.3716540808458213,1.0
3,1754,0.33434926326876335,0.4127626002156722,0.21480075537375104,1.0,0.050469284184269214,1.0,0.2965477424613854,0.3881416286752738,1.0
3,1792,0.736177737113642,0.748035930242604,0.2105295076879512,1.0,0.22547516716110227,1.0,0.9825035392075773,0.5765254874472793,1.0
3,1794,0.47758281062211383,0.5961540529698662,0.21779222211268456,1.0,0.4992252134217309,1.0,0.5226687569284493,0.24463906722492365,1.0
3,1796,-0.023686250422996526,0.7246278287969641,0.22021586045276126,0.0,1.7081868074428652e-05,0.0,3.404109881875047e-05,0.10801128902014304,1.0
3,1821,0.8034248304405722,0.7709790604782246,0.20042321985879433,1.0,0.2781925786333132,1.0,0.8434655517689414,0.49758574288436597,1.0
3,1844,0.7976626089053024,0.7292287547787082,0.19618569292637336,1.0,0.4989419910553393,1.0,0.9911916206032747,0.5972108331364175,1.0
3,1851,0.6990894710967681,0.6811604948864799,0.18884753815424313,1.0,0.4912635654053161,1.0,0.6383719292775446,0.4521085787219118,1.0
3,1877,0.6787315848744002,0.673305671776815,0.20273969259895772,1.0,0.8679479144705463,1.0,0.9371920162219138,0.41235714048030997,1.0
3,1891,0.7094171991434071,0.7450577913766151,0.19414458354848105,1.0,0.6111463797863284,1.0,0.47384885750917294,0.42629704657910605,1.0
3,1913,0.5410664717175232,0.6723064367328756,0.20774137753266786,1.0,0.49614161282370933,1.0,0.08657881617670665,0.1432190517710015,1.0
3,1935,0.650400829309695,0.5870539079633657,0.20588674750849278,0.0,0.4188881151908359,0.0,0.9277102243880099,0.533094292989001,1.0
3,1939,0.7652405092976409,0.7257670474453966,0.20142971037818533,1.0,0.7788400951868895,1.0,0.6032179165122096,0.37530291695911777,1.0
3,1944,0.6230909764075085,0.5609889221548972,0.1984246921431013,1.0,0.6143582529615019,1.0,0.2760903272449513,0.34513472378117077,1.0
3,1950,0.5956653586848318,0.46043121364193823,0.1930565246725055,1.0,0.00017029121771624622,1.0,0.128017302843179,0.004290480115893728,1.0
3,1993,0.6968690956287591,0.8153157787866966,0.2029592063461987,1.0,0.049277172259559895,1.0,0.3069551478710189,0.5101340465165355,1.0
3,1996,0.400469101232168,0.6107073590510128,0.24292230775588092,2.1340520446921498e-97,0.21850898161838256,1.0,0.4755159677489121,0.5617015335053538,1.0
3,2022,0.6445641085180993,0.5476332305781362,0.1953752406382082,0.0,0.2221592651365919,0.0,0.16650683684458112,0.7137867268097546,1.0
3,2029,0.5323707230292376,0.725074640377088,0.20390273313759968,1.0,8.893456531023584e-06,1.0,0.5701918362036407,0.41427652525218917,1.0
3,2062,0.11138721454030369,0.6364984636097188,0.20917289264534358,0.0,0.49931886024139016,0.0,0.003658770647819954,0.3704440163319242,1.0
3,2067,0.325150175465327,0.34240169173239576,0.19352015332376332,0.0,0.04844573414195999,0.0,0.0004389929378956036,0.0557596661310646,1.0
3,2073,0.7585118302799243,0.7718482630731427,0.19794629771325525,1.0,0.6225431427697066,1.0,0.9366512748811606,0.5622604424210614,1.0
3,2083,0.6364834820872872,0.6258088777845844,0.19058592338561545,1.0,0.5000250425737016,1.0,0.6533696996789464,0.5669124418356561,1.0
3,2119,0.5688904845654843,0.7535455242238897,0.1987493806851328,1.0,0.005721688475082289,1.0,0.8711653561690331,0.4076999693634801,1.0
3,2132,0.7555758558941228,0.7665967688345908,0.19595449413675015,1.0,0.8625008730250807,1.0,0.6498417907301959,0.5213113579254999,1.0
3,2135,0.713529872761431,0.7301052334870739,0.21371842679043687,1.0,0.491559813831793,1.0,0.73513442022738,0.21894593975178978,1.0
3,2148,0.6167485032502011,0.6830394376197405,0.2068603894866669,1.0,0.1599891050590751,1.0,0.5473480271499463,0.542161851686615,1.0
3,2156,0.7479996105559292,0.7162583044454969,0.19097250113998196,1.0,0.9453097623743136,1.0,0.7870256038934134,0.5417579670786548,1.0
3,2205,0.742743416034626,0.7446404713539065,0.21091327094557433,1.0,0.4979922930766723,1.0,0.9816870206777232,0.4646704746531457,1.0
3,2211,0.8171923576036598,0.6971927353736238,0.19801625645048582,0.0,0.014960985961291338,0.0,0.97078349164971,0.682943919757889,1.0
3,2263,0.5067252859346465,0.5919929540304333,0.20122937146663772,1.0,0.5007795042079702,1.0,0.2848019760400296,0.47892945013261207,1.0
3,2278,0.8593640627034377,0.8022775826935299,0.18501811604694948,1.0,0.9807629032187261,1.0,0.7608600024654127,0.5606705996750523,1.0
3,2297,0.7426836450013559,0.7653271449274093,0.21344280220141007,1.0,0.0952422664123533,1.0,0.880202214467047,0.6340655547648382,1.0
3,2298,0.8241532233046797,0.8203162412045049,0.19453820870515398,1.0,0.7625736389285904,1.0,0.6028513622557691,0.466063779071344,1.0
3,2308,0.8180151806622781,0.8023908088197136,0.20010553273382972,1.0,0.5336649505317593,1.0,0.6443510561745325,0.5855949040572698,1.0
3,2324,0.6529493312919917,0.6854941716591734,0.21881001945164974,1.0,0.9568471220424015,1.0,0.9426731979203029,0.5443525878404691,1.0
3,2335,0.6814883237318117,0.7252211058775718,0.19776987481898164,1.0,0.49242124514219276,1.0,0.7935246057140132,0.5926120538213845,1.0
3,2342,0.8910533096403788,0.9111938944201352,0.19604049603239038,1.0,0.6117609654365709,1.0,0.9841450195162824,0.4937196965322279,1.0
3,2371,0.8721632739642389,0.9034856877881853,0.19266575636442873,1.0,0.49803642960470196,1.0,0.995877999854202,0.6169083614297844,1.0
3,2385,0.6251864461117653,0.8371366791184551,0.21003116901866653,1.1259857196258573e-06,0.5045757670487337,1.0,0.3856200239186562,0.160462477649016,1.0
3,2419,0.7017566263330157,0.6539773306234464,0.20243222507227723,1.0,0.5031864947374767,1.0,0.8961976371667573,0.417424941222062,1.0
3,2421,0.6204525935406344,0.8018371607070276,0.21711471946408328,0.0,0.9350534115222501,0.0,0.508280985986529,0.4687423049064955,1.0
3,2426,0.4539789645434108,0.7595794115142068,0.21441574102208905,1.0,0.4932724008768056,1.0,0.10343903051693064,0.43273039384881884,1.0
3,2442,0.10971614195094889,0.6020062492565558,0.2023747647459736,0.0,0.1923144295890022,0.0,2.1064653658106297e-05,0.30394814350172206,1.0
3,2449,0.6210598159529899,0.7568160079112604,0.2060994875919966,0.0,0.49908824673953506,0.0,0.4868190101231207,0.5826056377286786,1.0
3,2488,0.7058570400158459,0.7247754561318764,0.19633315849457939,1.0,0.9747293215351734,1.0,0.6516126177814702,0.5335393535751741,1.0
3,2499,0.7132231151383627,0.7420710824927734,0.20147903400905423,1.0,0.4911659696457166,1.0,0.7900964132373346,0.3523938519900579,1.0
3,2533,0.7326905945604569,0.6350328128271077,0.21193587067848127,1.0,0.5192603582725771,1.0,0.8598596937066082,0.6333702169228561,1.0
3,2554,0.6427632019032141,0.5288782409701107,0.2157921112270315,1.0,0.4693997521679787,1.0,0.819842264539814,0.3935706422550126,1.0
3,2555,0.43556718678405926,0.6010332580862436,0.20243844056991403,0.0,0.02468203224843012,0.0,0.1773590105577023,0.3220514823597109,1.0
3,2566,0.5369037303337305,0.7960528234080957,0.21632969391145215,1.0,0.47726426117665105,1.0,0.6451880903692462,0.32353227069127727,1.0
3,2592,0.532924974053981,0.5433347193160885,0.22909150427612066,7.102690976757304e-86,0.8522546724992809,1.0,0.6174203665476178,0.43282625605895336,1.0
3,2597,0.5107636596570945,0.6112109397042628,0.20539770077422068,0.0,0.1394567955100967,0.0,0.7507294743465437,0.2655354007500216,1.0
3,2602,0.6092930606017447,0.73287040300486,0.20889597527802672,1.0,0.49978549870658434,1.0,0.9317943297370042,0.3774715293347748,1.0
3,2656,0.8335579782325694,0.7619411856739641,0.1939424709079788,1.0,0.4977272775885857,1.0,0.8164552737384692,0.5058369645516512,1.0
3,2669,0.6543844659552553,0.7527720446078322,0.20109722122742613,1.0,0.49998791357585565,1.0,0.7990998089711445,0.5886324524058812,1.0
3,2725,0.3035046914453753,0.5877545679486862,0.21277048623192366,1.0,1.922470349580152e-08,1.0,0.03930587417044303,0.24505240802189016,1.0
3,2735,0.31685561462072986,0.5971792806342637,0.19099041583971518,0.0,4.430564120275525e-05,0.0,0.030886338182531465,0.11471832129619625,1.0
3,2752,0.6545897769570765,0.8729755147407928,0.20763867016916718,1.0,0.7192756610883893,1.0,0.19971280851288778,0.431112915676395,1.0
3,2934,0.5685398633063276,0.617314160449967,0.20432237202699666,0.0,0.5648989126333437,0.0,0.6907260681754389,0.42001373525062735,1.0
3,2951,0.6752885660139125,0.5350988598247166,0.20351272022945763,0.0,0.5049012485964484,0.0,0.4880916372813748,0.620914948964834,1.0
3,2963,0.6101753067551985,0.7534835272611543,0.19398749129350698,0.0,0.7427878152254728,0.0,0.43249887503873163,0.3073257765304412,1.0
3,3058,0.4079958603858874,0.5674331637507886,0.19990341140965576,8.318832585139455e-32,0.15555663836996986,1.0,0.5394293337222158,0.1448043712808746,1.0
3,3163,0.5715330881053203,0.6033171013246921,0.1875231854874445,1.0,0.01623071938208406,1.0,0.8910469903804417,0.5123903291244548,1.0
3,3217,0.7474103799047385,0.7660438327435648,0.20476216504909414,1.0,0.4987509895549546,1.0,0.9127992758401311,0.7364597481310549,1.0
3,3231,0.6671032224515498,0.5342300739855104,0.19810469605006872,0.0,0.4078694722735707,0.0,0.30971751261281344,0.5929381493252828,1.0
3,3243,0.8202401689919209,0.7769619342660548,0.19336261060549698,1.0,0.49710121815158104,1.0,0.5821911500219912,0.436334830447933,1.0
3,3254,0.024464797551445303,0.7241385018315685,0.19840914086582392,0.0,0.0,0.0,-0.006635752640681503,0.0011435168854849233,0.0
3,3260,0.7792471924254211,0.8094823057972801,0.20390143496276458,1.0,0.4995471165072335,1.0,0.993117419824894,0.7769511870348379,1.0
3,3263,0.4900183741485319,0.773527432280385,0.19018870258755197,0.0,0.4998504392634143,0.0,0.16705596706023884,0.1929531233433752,1.0
3,3273,0.646821728190837,0.7659515596249524,0.19554651954612304,1.0,0.47858416214722943,1.0,0.5923857994248177,0.42154237235748065,1.0
3,3291,0.4439651685334059,0.8499240371240367,0.19490666047232008,1.0,0.007926192981273374,1.0,0.3128305659768173,0.4445239063250951,1.0
3,3327,0.6246457095461387,0.4637464861541847,0.197977967958677,0.0,0.5451020900303065,0.0,0.11272014582708038,0.5731081068046953,1.0
3,3379,0.45830766368891296,0.8148568746126217,0.198619174397831,1.0,0.0315976887369048,1.0,0.5501761439388991,0.6308474232105974,1.0
3,3420,0.11607553776231141,0.7423561775874181,0.23277198448463784,0.0,0.00024000138474186092,0.0,0.0009841725162811525,0.09898602915121194,1.0
3,3455,0.6395279797117012,0.7084480525829429,0.21565469747769653,1.0,0.5030447303519461,1.0,0.6840906108399503,0.42377316571905815,1.0
3,3484,0.7687469278730392,0.8003580849959233,0.2058946023691426,1.0,0.47199280829535567,1.0,0.7481872909575273,0.6042460878821272,1.0
3,3549,0.44465468298372807,0.30588809988332283,0.20703850728599646,0.0,0.0015065107843776192,0.0,0.007034115168952558,0.09028913435404917,1.0
3,3653,0.14043415038782592,0.5356911196110126,0.19391578912667293,0.0,1.1195740802674e-06,0.0,7.820495043935074e-05,0.09063951242161275,1.0
3,3680,0.7316884191771574,0.7055655030666867,0.20000193535747882,1.0,0.22415163441963956,1.0,0.5403913163918374,0.2864937826488645,1.0
3,3752,0.5821018638402662,0.8735211561627221,0.2008623825553519,1.0,0.002993178910075372,1.0,0.5024079990312094,0.5267638752910205,1.0
3,3761,0.22013322412456388,0.714162245096178,0.2088685601568179,9.74285563351423e-209,0.6419275848116563,1.0,0.2690385061106419,0.22277000381345993,1.0
3,3764,0.4452666035098181,0.43413108052262067,0.18810252633021457,0.0,0.0015502093429899905,0.0,0.1617377015212478,0.48136448756123806,1.0
3,3769,0.7839788257949686,0.7818806538035115,0.18821661233427994,1.0,0.33325902102991684,1.0,0.7570511032091131,0.4090561740791976,1.0
3,3848,0.8005532189857939,0.8058023462739476,0.19472716345178284,1.0,0.5493699523017815,1.0,0.9846397858748261,0.4851278085392279,1.0
3,3861,0.09001135470797014,0.6901940465963323,0.20886748816138043,0.0,0.4998279665167206,0.0,0.0005951447334489417,0.11619695754955284,1.0
3,3936,0.5079772536942401,0.4936072699995115,0.19722742874450705,0.0,0.1378332352394214,0.0,0.979630995192539,0.37368224195933525,1.0
3,3942,0.6584723651921001,0.7337116521872282,0.19963172341676017,1.0,0.8524850682965006,1.0,0.587173662275902,0.48120425349465035,1.0
3,3945,0.6547939638370743,0.8548166289839625,0.2067264501282546,1.0,0.008612015821104956,1.0,0.30096454556459273,0.19666468410801635,1.0
3,4024,0.7937385181713724,0.7060718590875006,0.20737671469994115,1.0,0.8427134752623413,1.0,0.9597791415728221,0.3821843249472178,1.0
3,4074,0.4982300547860534,0.4484309438314602,0.18804657560162125,0.0,0.07901346536589368,0.0,0.8268285470853667,0.407218007589357,1.0
3,4083,0.6606392807172534,0.706636769497636,0.20533474776031818,1.0,0.49593804100940186,1.0,0.5849295450014478,0.5060250435243615,1.0
3,4089,0.6552988145782073,0.7577364856197891,0.20361213661615435,7.037711110734191e-267,0.4997588047806435,1.0,0.6550218373720085,0.40484328064109726,1.0
3,4159,0.8044291401118494,0.7046194537681136,0.1994592724369388,1.0,0.4980960842271699,1.0,0.8222634115530714,0.5994920849491168,1.0
3,4207,0.64849045762391,0.7331252983107917,0.20964004814335546,1.0,0.3523042416430029,1.0,0.03334324555508972,0.14903805988779611,1.0
3,4232,0.6510653317787035,0.6945371001760368,0.19481745275250648,1.6030787411450704e-205,0.9351564782986768,1.0,0.9223672872002068,0.6112753991279578,1.0
3,4246,0.8107972689124948,0.7656296915718133,0.19571046390100919,1.0,0.8706684319283158,1.0,0.7777195649553746,0.5761088622468549,1.0
3,4322,0.8765588765974546,0.8363515290545925,0.1913014853134628,1.0,0.8863574908264151,1.0,0.8734284616667193,0.4702453225939959,1.0
3,4379,0.6956752944547445,0.7034112777213293,0.18651135290424375,1.0,0.4920199579367818,1.0,0.6890454495038574,0.7468628713784422,1.0
3,4383,0.573551218098256,0.7351782655669209,0.19363039943976992,0.0,0.5068898750556914,0.0,0.34473974868041496,0.37025032220446985,1.0
3,4456,0.7673131847950296,0.7206863561929889,0.20746198949495978,1.0,0.604816697565318,1.0,0.9256510148708124,0.5443444503781689,1.0
3,4489,0.49586507898137444,0.4673986343739719,0.2167700280437198,0.0,0.6514051379102872,0.0,0.01775438097276767,0.5427701254183677,1.0
3,4490,0.5330481823946966,0.5667591814045421,0.20162319655377234,0.0,0.5508265599087561,0.0,0.030271407275005373,0.7212877823356263,1.0
3,4493,0.8819266267697379,0.8569506334663112,0.2044781217463357,1.0,0.5121705452535372,1.0,0.9979548804877774,0.8018854956059372,1.0
3,4525,0.585279575951715,0.7198570443759507,0.2032430692996088,1.0,0.5117729578651975,1.0,0.5497974364917073,0.4862672474022023,1.0
3,4682,0.6020578375401351,0.4380689784306031,0.21049770753969424,0.0,0.20745075940913724,0.0,0.9980900849641345,0.350562392934894,1.0
3,4688,0.8093306436515311,0.7986484087207809,0.21211580816016654,1.0,0.8733098764631796,1.0,0.4608927448332206,0.6982535845019637,1.0
3,4705,0.7434609154209904,0.7307203719324233,0.19330479769008133,1.0,0.9342941934819426,1.0,0.6948636020655895,0.6286907860435165,1.0
3,4759,0.5690128583504069,0.6177784123814247,0.2080372870513903,0.0,0.14056173433811503,0.0,0.32300858293403956,0.4330578706883579,1.0
3,4823,0.6022299373118742,0.4526057327045233,0.19782963719653623,0.0,0.778769865884364,0.0,0.014125862439919288,0.5976204491287562,1.0
3,4826,0.6529253973146133,0.5369486914905224,0.22109133037500064,1.0,0.018649353195698326,1.0,0.29554394506827364,0.12919001821983073,1.0
3,4832,0.5767744783143784,0.36884280396753644,0.2131222027473355,0.0,0.37630670167559366,0.0,0.06938570675323484,0.28820489400011373,1.0
3,4880,0.4171040909066618,0.49598347409800675,0.22046291271485108,0.9999999996202165,0.0018603282574852819,1.0,0.37488277453012114,0.6381558258402245,1.0
3,4939,0.4020821684630542,0.7676387051836717,0.21749525540748882,1.0,0.04507828716740438,1.0,0.4101209460342641,0.3992756402422068,1.0
3,4972,0.5529651007296734,0.6600174890514868,0.1969742210201397,1.0,0.5165006953820916,1.0,0.7556120709265773,0.7552525645218551,1.0
4,24,0.11626740524767336,-0.2174659972234999,0.08146907412297857,0.0,0.0007882197786831768,0.0,-9.174840897908275e-25,0.09288582723628638,0.0
4,58,0.2676165284911128,0.7733484788472178,0.08139511601542644,1.0,0.21799350291576491,1.0,-0.0003376261202241238,0.08006352604748534,0.0
4,62,-0.028374832923308668,0.557536251079113,0.08544450079170039,0.0,0.09035043664407105,0.0,1.2277475226241166e-08,0.09670039687825438,1.0
4,72,-0.2583111847716743,0.9060965669513553,0.0857709975552091,0.0,1.0206542346321803e-06,0.0,-3.437122499855676e-22,0.06336070303873798,0.0
4,87,-0.268088488969885,0.6073744977512552,0.07769268869796807,0.0,0.5,0.0,-1.5559316403101502e-25,0.0533286229836409,0.0
4,173,-0.11425894228100994,0.014545184799752434,0.06516711440727811,0.0,0.0037011191522518545,0.0,-2.479485103595196e-20,0.02587281803538133,0.0
4,191,-0.20709275533601323,-0.17781823580874692,0.08347067555461618,0.0,0.49356306032278313,0.0,2.1874337483363606e-27,0.010245384130499132,1.0
4,235,-0.06106751648047825,0.9759622581403208,0.08613118473598154,0.0,0.0,0.0,-1.8705729667404495e-19,0.0,0.0
4,260,0.08466577850113688,0.8882735277576952,0.06868014367930422,0.0,0.26992888972834106,0.0,1.4446525475001987e-13,0.06020670179638976,1.0
4,279,-0.08331979335124998,0.8683571883161048,0.0843590707178651,0.0,0.0,0.0,1.3791917514639613e-22,0.017833723853001755,1.0
4,300,0.2598242265540663,-0.26148703600624507,0.08614343442623484,1.4015372844243123e-301,0.4989924732251855,1.0,2.182319615951798e-07,0.1485902977985351,1.0
4,311,0.3056485083885836,0.8708567106793521,0.08613452703244405,0.0,0.07074672880262092,0.0,7.87689765386085e-05,0.10477279787503158,1.0
4,314,-0.027408170163792545,-0.4593783611367431,0.08338065759405057,0.0,0.00012695675543805685,0.0,2.0635670869124777e-22,0.07982602896033092,1.0
4,324,0.22014386000121244,0.7681022579868937,0.07655848451359117,-3.169485822877982e-89,0.002422339728244516,0.0,-2.296833464844158e-06,0.16787262501931682,0.0
4,328,0.06618936199942194,0.7949298305712552,0.08541858967942595,1.0410110687997502e-216,0.2447256503464263,1.0,9.40615980258805e-12,0.257512738620569,1.0
4,343,-0.0138834407875454,0.9375736223653182,0.08573759356676477,0.0,2.6175306803020433e-07,0.0,-2.919523856630233e-19,0.08179452370010865,0.0
4,364,-0.27742171401050425,0.8428472650231771,0.08258062518126968,0.0,0.008679838281570484,0.0,6.308106094604903e-16,0.030628003522263747,1.0
4,368,0.36539998330553874,0.38280063402994147,0.05881012747023916,0.0,6.895987466359887e-05,0.0,5.780909980863288e-20,0.0,1.0
4,391,0.0067865474488374156,-0.2277686167700194,0.07511563709149811,0.0,0.0,0.0,-5.905657116237284e-32,0.1021619275350178,0.0
4,428,-0.30894539508537194,0.8924383380540567,0.08252297144333753,0.0,0.0,0.0,-4.617079186457216e-15,0.031283682427681404,0.0
4,436,-0.09698580833574144,-0.13168913708033714,0.07909360895529652,0.0,7.28103956884059e-06,0.0,6.814067330570829e-18,0.01458680258058296,1.0
4,447,-0.2896447039362496,0.8212788680148998,0.06452254901780259,0.0,2.768830542657522e-05,0.0,-7.041690782411238e-14,0.005202722271731432,0.0
4,473,-0.0956814986046482,0.4515948079250215,0.08318221490787392,0.0,0.06302931909905787,0.0,-2.613388388375151e-15,0.04457599849261226,0.0
4,528,-0.1838294767709373,0.9219820545602776,0.08534064382227337,0.0,0.0,0.0,-8.8057649684687015e-16,0.0,0.0
4,530,-0.2512854049952083,0.7380056279468742,0.06836846868586384,0.0,0.0,0.0,-1.8719228957708133e-14,0.0,0.0
4,572,-0.41094992411555575,0.9677015457956346,0.0867553060418106,0.0,0.027347234604988536,0.0,-3.608887955502772e-26,0.03808977393148367,0.0
4,622,-0.07621807035779019,0.4399359707341757,0.08455041970324406,0.0,0.4068729952897258,0.0,-2.379538855270619e-11,0.14498592289151085,0.0
4,630,0.03579352507066361,-0.7389077078526842,0.0805132761736082,0.0,0.49625788251245656,0.0,-1.1592791895141168e-12,0.015532928294577197,0.0
4,631,-0.15418731901304128,0.9459071019036887,0.0856823875304526,0.0,1.5034469786265012e-08,0.0,-2.6839591283177254e-23,0.005536660560610762,0.0
4,636,-0.14915175386039153,0.9814943384152235,0.08689015631793144,0.0,0.02612759893410349,0.0,1.3330104189341034e-26,0.046027496715120464,1.0
4,638,0.0802691368257473,0.21457106966351389,0.07919982837861138,0.0,1.0440287315283125e-05,0.0,-1.0466930923957848e-14,0.014602585986769223,0.0
4,658,-0.01948256232256035,0.9641230478885369,0.08689216156345361,0.0,0.0023221827228364633,0.0,-3.6538820012418293e-09,0.0,0.0
4,663,-0.3087414941239343,-0.47763414670467724,0.08455500518965296,0.0,0.025445480661661413,0.0,3.1228286448253697e-12,0.1963095285064474,1.0
4,668,0.12466699926103955,-0.10021879707102477,0.07775965974920945,0.0,0.11134252196795263,0.0,2.080369955243409e-23,0.332582128973181,1.0
4,672,0.2604614861732299,-0.29743962645493016,0.08677181361993974,4.974495487095639e-305,0.16940200895780438,1.0,0.0001189300485184622,0.0032316183317751546,1.0
4,673,0.02087167645717859,-0.7377376120742823,0.08323463403407191,0.0,1.2424400841850613e-36,0.0,1.1678331514961347e-20,0.49969115589792046,1.0
4,704,0.1762587976647513,0.5296459407535101,0.085683505041986,0.0,0.25012615030834706,0.0,-9.155039054034518e-06,0.048525990758467794,0.0
4,788,-0.12354141813708114,0.9797937540392516,0.08623879513441622,0.0,0.0,0.0,-5.232892184736251e-19,0.024998492966582544,0.0
4,789,-0.07096668106054345,-0.22409481961373073,0.0780522187044402,0.0,0.06945885293051579,0.0,5.829686891243247e-08,0.21527875022280096,1.0
4,790,-0.11468183919062372,0.851702337270546,0.08630801334012966,0.0,0.004864045720905412,0.0,-6.417514131151117e-29,0.2964439604816223,0.0
4,792,-0.07897893297579005,-0.34858694672328855,0.08595027261140373,0.0,0.4329524007302019,0.0,-8.720883507076777e-12,0.30768080209997706,0.0
4,810,0.07184693381678259,0.3455003122572513,0.06466327377694919,0.0,0.00011755258725997221,0.0,-1.0831895687442224e-16,0.10476009443963319,0.0
4,885,0.16019826612433313,0.7480141342538952,0.07105760158370567,0.0,0.0015787577199569136,0.0,-2.6352785562007752e-15,0.153424227210591,0.0
4,886,-0.22055000764295596,-0.49384099966197603,0.0869916918843752,0.0,0.48448677256185524,0.0,3.509895723383487e-14,0.3827000956519842,1.0
4,917,0.050175078709000495,-0.8118686230223142,0.07743927039184048,0.0,5.038161809939323e-05,0.0,-6.490263151033058e-15,0.06171769999859217,0.0
4,985,-0.09431268176527216,-0.18224524090899805,0.08549325591547052,0.0,0.11038256585450146,0.0,2.1421919169603712e-08,0.13155665386993332,1.0
4,993,-0.37164955135720745,-0.3894833765577279,0.08637718689870348,0.0,0.49686261044434443,0.0,5.113529539351132e-11,0.03276617618382777,1.0
4,1052,-0.06343237404772858,-0.7685961122043858,0.07541970877132266,0.0,2.8161133040363973e-05,0.0,-3.578231120893078e-15,0.005160711805057677,0.0
4,1062,0.22355539121820683,0.673628274738934,0.08519633723840044,0.0,0.29224154485696363,0.0,3.4005566566525236e-08,0.15057408420592472,1.0
4,1084,-0.21923527316621888,0.9672150986435493,0.08669942252020026,0.0,0.0,0.0,-5.763301021675487e-23,0.0007757840935764273,0.0
4,1129,0.08606410938404242,0.20988791545904556,0.06525023235167898,0.0,0.036776857477999726,0.0,-1.5503791646612153e-17,0.07281573980397954,0.0
4,1143,-0.16858444427386468,-0.8723905818326314,0.07744163770349502,0.0,0.27536970389699716,0.0,9.850884493088546e-18,0.03566282101912557,1.0
4,1207,-0.061540541868782966,0.1299929800471038,0.05513530101530349,0.0,0.0009848996771123389,0.0,-5.999944353640241e-16,0.05483795223543084,0.0
4,1220,-0.0762421643089955,0.8217220414329678,0.08512062287337174,0.0,0.44326325912938574,0.0,2.4000659430276366e-09,0.17338779268467777,1.0
4,1308,-0.040259675920844715,-0.24909970494086223,0.08638766083381905,0.0,0.4234713555549629,0.0,2.9753806360721463e-13,0.13053847160821408,1.0
4,1369,-0.023363554927240557,-0.8707340937593959,0.07294748340269346,0.0,0.03781604526010826,0.0,-7.507521564358195e-22,0.12099633658993122,0.0
4,1423,0.31552488347166247,0.03397509833083033,0.05964492858493572,0.0,6.201770585049338e-05,0.0,-2.395423081283857e-20,0.06507915828160091,0.0
4,1433,0.1287583027989031,-0.8489063120029356,0.07563775877891778,0.0,0.4781611327059396,0.0,4.426405347946544e-18,0.12232143157167673,1.0
4,1442,0.5180723065074433,0.5279605874319258,0.08513781635705524,8.088979185424649e-295,2.528275309082728e-05,1.0,3.4473703833432633e-09,0.07031719631727296,1.0
4,1455,0.12609421732047196,-0.23963098290730367,0.06910604259753189,0.0,0.00024078189888965262,0.0,1.7283328928688375e-15,0.0,1.0
4,1464,-0.21824019514382717,0.9670664999999696,0.0851227430819403,0.0,0.003425844129286759,0.0,-4.148772888769811e-14,0.044945333559131107,0.0
4,1488,-0.0830213701103854,0.9769107336956759,0.08605913697880828,0.0,0.01575521702256505,0.0,-1.2350081965209755e-17,0.3722021411724542,0.0
4,1516,-0.11514016843576716,-0.049135986115305355,0.060784021965558085,0.0,8.867570095699295e-07,0.0,-2.726017690413532e-15,0.06755157778379,0.0
4,1524,0.019749758259921125,-0.03140848548604776,0.07713065301233653,0.0,0.0,0.0,-2.3523142658455106e-30,0.08004541780986929,0.0
4,1537,-0.3166571393233685,0.9791547748628626,0.08600227388796512,0.0,0.0,0.0,-8.517684270108364e-20,0.05147494504097955,0.0
4,1546,-0.44434366941559217,0.01293947890138393,0.0870507808966311,0.0,0.001980450661181632,0.0,-3.88267066849494e-11,0.04849062993940201,0.0
4,1577,-0.2783156092731549,-0.6148638477418231,0.08702377631764649,0.0,0.0,0.0,-6.408121399965647e-14,0.003818400886648199,0.0
4,1594,0.2157906124945359,0.9726083941139874,0.0862401978180916,0.0,0.18334252637142745,0.0,-1.8130373937451887e-21,0.2547444184975718,0.0
4,1604,0.04833212986227789,-0.8672563304840821,0.0755090433807642,0.0,1.851456802148821e-06,0.0,-2.967327892083697e-20,0.05168538943037426,0.0
4,1616,-0.3205105506524922,-0.3507327081992415,0.08631783138543375,0.0,0.11843061033779972,0.0,1.5658593464649537e-09,0.3618087248163839,1.0
4,1619,-0.027953564626354406,0.9901567691015298,0.0869908051746899,0.0,0.06691572197441759,0.0,1.4899973748103027e-09,0.04870390475560657,1.0
4,1653,0.19754752793091024,0.7966992281147408,0.0831023244859469,0.0,0.050591668413730174,0.0,5.618213381584568e-17,0.269201547086848,1.0
4,1658,-0.09510297648723084,0.9613268406098362,0.08554699132274186,0.0,0.0,0.0,-3.3800652509093435e-17,0.0,0.0
4,1680,0.10650060876653142,0.3314023064520556,0.08588928635797652,0.0,0.07001313715760023,0.0,1.2279115561862573e-07,0.20773773422888867,1.0
4,1706,0.413484106770433,0.009389009646491614,0.08103696552072123,0.0,5.022359270108443e-10,0.0,-3.3397895288830576e-18,0.05232921352823415,0.0
4,1708,-0.01209087492881086,0.5979103141589386,0.08368101158374862,0.0,0.2945073379705967,0.0,5.245519429040612e-08,0.05211689688405477,1.0
4,1714,-0.2600692340481615,-0.14585155027219499,0.06427389766760865,0.0,1.8601659775549965e-06,0.0,-1.054085632146484e-17,0.109953531342447,0.0
4,1720,0.26692276362057843,0.48790426701897305,0.06967827784359978,0.0,0.03902876892596032,0.0,-4.150244813425248e-20,0.011313903747268983,0.0
4,1732,-0.14899388676984254,0.9917205117616418,0.0863129041631637,0.0,0.09883279745168605,0.0,-1.548745352907315e-13,0.09558510605517878,0.0
4,1742,0.23763096942260792,0.9869072962301846,0.08679351233487186,0.0,3.692981948022478e-07,0.0,-1.872549569780267e-15,0.24944856836559368,0.0
4,1751,-0.1592975124379071,0.9792915750679776,0.08691093248116723,0.0,0.007689807990256619,0.0,-6.649480869667654e-15,0.0,0.0
4,1754,-0.08921819988604042,0.9736427481057628,0.08654003878248288,0.0,0.0,0.0,-4.463763719930909e-22,0.01510191827270091,0.0
4,1792,-0.08792381816686506,0.9492135835986708,0.08530525820959477,0.0,0.18364959756808436,0.0,-1.0791479316271536e-17,0.12589279286432334,0.0
4,1794,0.3992266368482911,0.1626463638485483,0.0848842897938462,0.0,0.1003047209276896,0.0,4.19659483127735e-09,0.0,1.0
4,1796,0.0611871192775881,0.9683090392155914,0.08680333122370106,0.0,3.4230056938922004e-07,0.0,-2.1364273034894232e-17,0.035991922530583975,0.0
4,1821,0.044615072805828465,0.6272331335367654,0.07654502889507846,0.0,0.19427766838604807,0.0,-2.7766945109353997e-08,0.08198819150846498,0.0
4,1844,-0.07456270574634455,0.26861426358047746,0.08313141241948915,0.0,0.0005066673479137078,0.0,-6.0363578041742e-16,0.11864221808795404,0.0
4,1851,0.4018127181878415,0.2360371144633225,0.05650827579125997,-2.0837068853731366e-259,0.1676336252813294,0.0,0.0003111194592853877,0.15515394234018426,1.0
4,1877,-0.019214331064768775,0.2902301254045127,0.07303335606351521,0.0,0.18570157159051337,0.0,6.426405018688005e-21,0.10821392213742001,1.0
4,1891,0.11758484871887163,-0.3055674308231995,0.08397029637522269,0.0,0.14719371290228744,0.0,8.474343642600584e-06,0.15432163648646863,1.0
4,1893,-0.09815955776850786,0.08231156302201897,0.08545406925270778,0.0,0.1051436991040476,0.0,2.7526791779509565e-10,0.1578372469825244,1.0
4,1913,-0.07316915993460558,0.1876163455019133,0.08345048819478455,0.0,0.1282198456732665,0.0,-6.672971865862457e-16,0.02220312190336872,0.0
4,1935,-0.2702024678040416,0.845550662984702,0.084453754066857,0.0,1.0592742441528635e-06,0.0,-6.525998545812289e-14,0.06479275400858898,0.0
4,1939,0.15611852502953805,0.7136086848218846,0.08312012481218022,1.0,0.0,1.0,7.243165468234636e-06,0.09133263959694604,1.0
4,1944,-0.2776590714301126,-0.2840165590030768,0.07569936416889103,0.0,0.10062299321243978,0.0,1.0963596392174318e-13,0.07848148858141718,1.0
4,1950,0.3045316550476642,0.8835310928517883,0.05626154994021506,0.0,0.00013893783444963027,0.0,1.1928114379932929e-20,0.003657505041264497,1.0
4,1993,-0.21765740875309347,0.6402299239099745,0.06677821981351063,0.0,6.8909326799704296e-06,0.0,1.0786356601558457e-20,0.18684858290469405,1.0
4,1996,-0.12565312324510042,0.9857378871639496,0.0870556638605273,0.0,0.004499352553525904,0.0,-1.7544231751018158e-15,0.063988871734795,0.0
4,2022,-0.2510881964954528,0.6551675459554442,0.07723221596646566,0.0,0.0019662037387804254,0.0,-2.0013989160147263e-19,0.12150355121033021,0.0
4,2029,-0.10379777359760131,0.9473588849005706,0.08677360919299522,0.0,1.04591600537972e-08,0.0,-5.492163946526051e-16,0.1299033768402831,0.0
4,2032,0.06183062402240387,0.16117619749148535,0.08332761771797233,0.0,0.248409832198595,0.0,1.2670946995818855e-19,0.002410715869503002,1.0
4,2062,0.20805182265015743,0.9780115200030486,0.08598978886042762,0.0,0.02818929282055538,0.0,3.98757496320346e-18,0.13859381673447513,1.0
4,2067,0.17970741276288382,-0.08991946393189726,0.07204586607338495,0.0,0.04824672936218362,0.0,-1.2579570154590923e-10,0.038570052406722115,0.0
4,2073,0.024631833615200188,-0.891254156423934,0.06336727001316153,0.0,0.14956598425620654,0.0,-1.8065614152785078e-16,0.12387672936154381,0.0
4,2083,0.20437689416963944,0.1351779101013249,0.07809917802224028,3.273870861542899e-296,0.5,1.0,4.113592918150623e-05,0.30468550473988876,1.0
4,2119,-0.005433346308786682,0.23898103869339876,0.08216413727948041,0.0,8.077583225851726e-06,0.0,1.1103122587553191e-21,0.03891618371674034,1.0
4,2132,0.0014493219450758127,0.3312219766305113,0.08185382300208487,0.0,0.37860672917247434,0.0,3.358811466605861e-08,0.10302775346716131,1.0
4,2135,-0.03158671078676502,0.8665373942207355,0.08694754630860364,0.0,0.39713419042384956,0.0,-1.1408635281269904e-06,0.09183915367341078,0.0
4,2148,-0.021221527218186917,-0.6544516000836968,0.08580179696638757,0.0,0.0837267262839615,0.0,8.143539750857727e-12,0.17841721779603842,1.0
4,2156,0.6253890208648895,0.7153419019518374,0.0751678535126583,0.0,0.3137142077712959,0.0,8.678595362136693e-05,0.15265180122107302,1.0
4,2205,-0.16918414182972458,0.910297980794415,0.0748313676164298,0.0,0.014267505406233005,0.0,-3.5589319367939863e-19,0.02238039701723954,0.0
4,2211,-0.20993189382217733,-0.037403077504083004,0.0815740940904069,0.0,0.0,0.0,-1.512948067353393e-14,0.20619559631213968,0.0
4,2263,-0.30549711875960317,0.9138677675877421,0.08585901575611136,0.0,0.3897143016913408,0.0,-9.972734172717703e-14,0.17189087750083276,0.0
4,2278,0.10619369703425784,0.8849315426805581,0.054235069782435474,2.608217843042755e-174,0.07932938185621885,1.0,3.3586014305646874e-06,0.11555553021601034,1.0
4,2297,-0.09909912779370438,0.06850024970885868,0.08680570606742488,0.0,0.003495604440219624,0.0,5.462434602009697e-09,0.17941614287764368,1.0
4,2298,-0.08268960263345777,0.574342510137112,0.07905033251956478,0.0,0.24121197024006674,0.0,3.617560709386265e-10,0.1072651982178868,1.0
4,2308,-0.298181118187943,0.7692052322318368,0.07969247747077415,-1.9716479735089537e-34,0.014238967012922935,0.0,-3.8732276601621975e-09,0.13339549072837767,0.0
4,2324,0.16785620480038776,0.9663563510953964,0.08485448097298268,0.0,0.0019274634147147807,0.0,-2.164945836631421e-22,0.04402967889981657,0.0
4,2329,-0.3388841227843049,0.6904055250919505,0.08126612209306927,0.0,0.027251498253576572,0.0,3.326479256910019e-11,0.1530193388765457,1.0
4,2335,0.14867019115635632,0.9462410191901344,0.08001931552729684,0.0,0.004263851990559453,0.0,2.310053751103345e-08,0.2172284909456127,1.0
4,2342,0.0002251381934373145,0.3460961835841212,0.07759650230988817,0.0,0.47802723819150367,0.0,-3.0373465870875386e-08,0.1736750756527723,0.0
4,2371,0.3095567604373356,0.31690938566835264,0.07436224639718898,0.0,0.030290518754052975,0.0,2.6402019374083836e-09,0.12343548360717055,1.0
4,2385,-0.1359923531462487,-0.37759396328225736,0.08329204995789631,0.0,0.300674693920454,0.0,-6.611990282799252e-27,0.05221646326038871,0.0
4,2419,0.0211417224070356,0.5644759268823125,0.08632452729283993,0.0,0.34998788219391985,0.0,6.054524959505087e-08,0.05359122482634143,1.0
4,2421,-0.014968355423595495,0.8227840001004999,0.08150621350232351,0.0,0.19448391222644074,0.0,-1.2341603229611635e-19,0.1403572101062556,0.0
4,2426,-0.11683029483138146,-0.3613564285591477,0.07677380487394467,1.0,0.006620569394665876,1.0,7.176638719137588e-08,0.2081965417821952,1.0
4,2442,0.0893099973099963,0.8790000631277141,0.07969317450532246,0.0,0.11136970926482509,0.0,0.00011100182043353004,0.13634490863531412,1.0
4,2449,-0.2194681637429156,0.9655821650062736,0.08631413760560937,0.0,0.2519720022565846,0.0,-3.5122663837479234e-08,0.2436392124313079,0.0
4,2488,0.12712699669913757,0.6510866377295191,0.08399358427038535,1.9066697047442144e-211,0.49464783043995664,1.0,-1.088145509465349e-08,0.04248630060987124,0.0
4,2499,-0.3226040918814467,0.6044702204297765,0.08152873434252156,0.0,0.3726688172319308,0.0,4.5217226633454934e-05,0.0,1.0
4,2533,0.13499081109986208,-0.5315775607124402,0.0865927650971156,0.0,0.4834423809899483,0.0,1.6635576268438737e-16,0.2046793941541304,1.0
4,2554,0.10199663283281021,-0.9545018662607537,0.0858150402313041,1.7791229929610557e-268,0.22263337814927378,1.0,0.00018185067322510173,0.1581249520680411,1.0
4,2555,0.22786096543571366,0.9906980517557981,0.08621831437194034,0.0,0.12776889923786955,0.0,-2.0498024481795567e-08,0.2276854380125664,0.0
4,2566,-0.11053313908238549,0.9791198545934822,0.08661689617611731,3.537023059262692e-111,0.4919055522153438,1.0,-9.80151248906392e-09,0.06526669763333573,0.0
4,2592,-0.02183530872191658,0.7191361751317396,0.08364023844158541,0.0,0.066500407219996,0.0,1.7832446256446447e-17,0.08131686156838508,1.0
4,2597,-0.22255727878302944,-0.3793691141836311,0.08459999968850598,0.0,0.00014810875766352316,0.0,1.2455297672160002e-15,0.011027543060869394,1.0
4,2602,-0.3410587978416483,0.96394252778035,0.08673330788800723,0.0,0.35918049944849084,0.0,-3.0998063865795203e-12,0.0,0.0
4,2656,0.008065221380708087,-0.8070642361259979,0.07868519343166938,-5.609405166061126e-10,0.2950111022192855,0.0,0.000397358926447174,0.14376497026445767,1.0
4,2669,0.03444045731254895,0.0662227290849077,0.076662784100944,0.0,0.4805835323418892,0.0,2.2685475350967306e-14,0.19304110796239127,1.0
4,2725,-0.5345481118809644,0.985773565686788,0.08613730076805388,0.0,0.0,0.0,-5.95327907663241e-17,0.0,0.0
4,2735,0.14413716408093666,-0.5650193720638875,0.07133375186979858,0.0,0.0,0.0,-2.7713445231511676e-19,0.0,0.0
4,2752,-0.19137961844568074,-0.06423836140217631,0.08030893697626408,0.0,0.37843091953257557,0.0,-4.5649124639601665e-18,0.10664260752870336,0.0
4,2934,-0.0726536404890584,-0.8061773055918232,0.08000103485159196,0.0,0.11116018578243891,0.0,-3.078084557762758e-13,0.0,0.0
4,2951,0.05525672973669584,0.3037966423209057,0.08161154846273178,0.0,0.05888544786486055,0.0,6.26271810548841e-16,0.10230228149280629,1.0
4,2963,0.2964157207003113,-0.15088565539629345,0.0648784075398086,0.0,0.14911897000795327,0.0,-7.577494172608899e-26,0.18715944099254817,0.0
4,2973,0.1963463855094639,0.5552135777828524,0.07307977762464804,0.0,0.0,0.0,-1.384234822683591e-29,0.15988902404021416,0.0
4,3058,0.24196503140881526,-0.43323098855183334,0.06831905424250012,0.0,1.362766969825735e-06,0.0,-1.9516013398058096e-14,0.08871229279947779,0.0
4,3068,-0.2999412070570421,-0.47182221137878433,0.08528582329206028,0.0,0.00012412381319243382,0.0,1.3516663575898763e-16,0.14385581989517024,1.0
4,3133,0.41759869549890405,-0.6440140501531807,0.0699087051513188,0.0,0.0,0.0,-3.1101992193504564e-27,0.23825799352975063,0.0
4,3163,0.07623314498699152,0.17988578708010633,0.060320743276852364,0.0,0.0001854223852653356,0.0,-5.497313475022059e-19,0.10388077887800709,0.0
4,3217,-0.18041075234281498,-0.7133297067465055,0.08399926060936248,0.0,0.028775072744884334,0.0,1.4168440017323165e-16,0.11717718717465325,1.0
4,3231,-0.329543860164782,0.772063281444771,0.06846325074257911,0.0,0.00041577056774011467,0.0,5.324210071850618e-16,0.09187248608873261,1.0
4,3243,0.5547994728790138,0.46426697971578307,0.07979826886714278,-1.0,0.1288160617807682,0.0,-0.0003588515505440972,0.10125948572692617,0.0
4,3254,0.1601429984036882,0.5091601334911999,0.07834909359086885,0.0,9.767081209135517e-09,0.0,2.3214133361009215e-23,0.0008897174114993459,1.0
4,3260,-0.02532329697445008,0.9303072111687762,0.08478905843126741,0.0,0.4320764902738753,0.0,-7.427297533172684e-21,0.1779810147972071,0.0
4,3263,-0.007429033368249287,-0.36933673357160834,0.050484134802459564,0.0,0.005432436999926682,0.0,-4.8188141444807535e-21,0.060574715083889674,0.0
4,3273,-0.10390744924218467,-0.5125125914792205,0.08403558717425698,0.0,0.0,0.0,-1.547697485765181e-11,0.08222935671576354,0.0
4,3283,-0.165740185298828,-0.49813363603847355,0.046652998557264194,0.0,0.0,0.0,-6.895477045646485e-26,0.12087839458603322,0.0
4,3291,-0.1164392887701515,0.6263043435445426,0.08020885471724132,0.0,0.003065658400007387,0.0,1.0935242223461755e-16,0.14083575445971555,1.0
4,3327,-0.07912400942172683,-0.8755428828958979,0.07382434470688232,0.0,0.0017526082802947207,0.0,5.589133833921777e-16,0.016747681907406164,1.0
4,3379,0.1414431775493998,-0.06803828684957312,0.0722437907747543,0.0,0.019297383019716303,0.0,1.0828833812994603e-15,0.2799792675151906,1.0
4,3420,-0.2812468989017176,0.9669002136550315,0.08649215063317921,0.0,1.9428513913788414e-06,0.0,-9.714828494150288e-18,0.0,0.0
4,3455,0.0009441301496157933,-0.7351485066037886,0.08102802425822668,0.0,0.4270333996499756,0.0,-2.3499742476894947e-13,0.24008564993813356,0.0
4,3484,-0.026315639585918135,0.885779091286846,0.08026879218229702,0.0,0.026452249851170062,0.0,5.339004352786229e-16,0.12982932108229,1.0
4,3549,-0.2445072682206196,-0.6779011132129387,0.08122010111801735,0.0,1.8553812859850437e-05,0.0,-1.1057524845351582e-09,0.0037632897046724198,0.0
4,3653,0.15455692633493812,-0.5708959957814232,0.07834051906216305,0.0,0.0,0.0,-5.803307007079541e-18,0.0397421296971628,0.0
4,3680,0.11724236972683164,0.9161943427242658,0.08414200534369519,0.0,0.0,0.0,-2.2147044752725905e-14,0.002919226056214863,0.0
4,3703,0.013872856622006245,0.4967453726089031,0.0789048822221711,0.0,0.23246721996373593,0.0,4.034850846416924e-09,0.24040313843872524,1.0
4,3752,0.009412471543596604,-0.8977611359594277,0.05788091849455474,0.0,0.0,0.0,-5.653642227521412e-19,0.0846355652756087,0.0
4,3761,0.13063683439317825,0.9865455168242007,0.0862021679120769,0.0,0.04437927018504889,0.0,3.2114213331423997e-18,0.018344354859562984,1.0
4,3764,-0.3885938763326316,0.14701822506778958,0.05930004477090659,0.0,0.0013997861966175721,0.0,-2.091116713513457e-18,0.1784830534560894,0.0
4,3769,0.18389985440380288,-0.7900068380893711,0.06743597788042098,-5.7177858390696815e-201,0.0038871898228429735,0.0,2.9713989090102594e-08,0.09262098277351884,1.0
4,3848,-0.13341994739071775,-0.4273771693955678,0.05558830350286522,0.0,0.011847300501308333,0.0,-1.6775494273795613e-16,0.09075232978849243,0.0
4,3861,0.10469900710727309,0.9124228563289256,0.08552908271399465,0.0,0.48802141940539245,0.0,-4.9306205002089755e-18,0.017747496269227364,0.0
4,3936,-0.011418675329536353,-0.1251376386105252,0.08060419620826598,0.0,0.00019618896686407302,0.0,1.0104880823913999e-14,0.0,1.0
4,3939,0.05112925550083851,-0.8900920511771242,0.07243872281694168,0.0,0.5,0.0,-8.074721607058216e-20,0.45110647923285,0.0
4,3942,0.44579084597077007,0.8012171395946681,0.08267162325729685,1.2263638349810137e-39,0.22361474654442492,1.0,4.9283352858378036e-06,0.13765096039833277,1.0
4,3945,-0.1056790754702022,0.9882323915686846,0.08579052872802914,0.0,0.0005076037114847061,0.0,-2.4810470640991362e-21,0.10707995652156738,0.0
4,4024,-0.33837819929997237,0.7316642915128333,0.08655961491870116,0.0,0.24424273752942033,0.0,-9.380299025684625e-10,0.18576944092591502,0.0
4,4074,-0.07700917735811237,-0.554690699799041,0.06578263968646476,0.0,0.00021896622348894593,0.0,-1.808874322215633e-15,0.1264940950137316,0.0
4,4083,-0.1960060817656551,0.9622140997821758,0.08647519027500021,0.0,0.0005076322208252656,0.0,1.6787535072247667e-10,0.14166821523604084,1.0
4,4089,0.3448372560400498,0.04008358002742143,0.07984540520356694,0.0,0.14319417599622491,0.0,6.867833375091193e-26,0.30199909785299,1.0
4,4159,0.0014472527027711013,-0.583495304964887,0.08257084123086639,0.0,0.20716252537821034,0.0,8.114997680324056e-07,0.09984920412539283,1.0
4,4207,-0.1370248653335417,0.8751483582939377,0.0863871586137561,0.0,0.0,0.0,-1.0865683819595604e-09,0.0,0.0
4,4232,0.23677208914374123,0.5121474365997473,0.07632282630311008,0.0,0.4882420938441651,0.0,1.1165610254979144e-08,0.09806669632996423,1.0
4,4246,-0.17859517566001348,-0.5357077883894392,0.08199330205577585,0.0,0.06872757865976675,0.0,-2.745953452803336e-09,0.178660085290414,0.0
4,4322,-0.06506544380803189,-0.00925312491377056,0.07731003099330205,1.0432242086479852e-87,0.11382498647929101,1.0,1.5826910006609903e-07,0.1481415986419013,1.0
4,4370,-0.05637492993807228,0.2565885553922471,0.06740479973217267,0.0,0.01402042825401337,0.0,-2.879056812610494e-14,0.0,0.0
4,4379,0.5165354038520036,-0.17906274001228667,0.06781368105936766,2.6433131824893246e-203,0.49539729905130503,1.0,-1.3922074252861696e-06,0.28020318408492506,0.0
4,4383,0.14906017662235332,-0.31550877082098083,0.06421199383359158,0.0,0.15598907459042732,0.0,-2.2484656548162237e-23,0.260191394747032,0.0
4,4456,-0.32006745911990164,0.922780145437036,0.08654784284872673,0.0,0.20202694877661137,0.0,-7.396646824162744e-10,0.031373883524824286,0.0
4,4473,0.11055714346444034,0.6371952167642043,0.08584864662243849,3.415091301997808e-239,0.01943023347532513,1.0,1.040381851065061e-06,0.11367895872500793,1.0
4,4489,-0.0035009922515834083,0.9930557175504992,0.0862533125708422,0.0,0.4671465296591282,0.0,-1.6480998913685954e-17,0.31090115349856895,0.0
4,4490,0.16007365936368317,0.29838558088432177,0.08370488538993594,0.0,0.08831735806799451,0.0,-4.7761578343471635e-15,0.1266202394512696,0.0
4,4493,0.07069085170147979,-0.0368432443092874,0.08356042835209954,0.0,0.48428115281661516,0.0,-4.641303138861515e-15,0.23070268786307868,0.0
4,4525,0.026224831186321074,0.34886281217186804,0.0839638708280007,0.0,0.3319391655227094,0.0,-2.6867171824785316e-11,0.10638988017607448,0.0
4,4603,0.04888218450066686,-0.1411730171219298,0.06614187609953197,0.0,0.08383013030922781,0.0,-9.443621834969032e-19,0.0005544465399448021,0.0
4,4682,0.3676476689890257,-0.710022574875731,0.0841732692045957,0.0,0.0,0.0,2.920563389743741e-09,0.028105088223411935,1.0
4,4688,-0.33045682199208576,0.95934085101499,0.08697153495951902,0.0,0.12262088994155701,0.0,-5.945872311344379e-16,0.10345332452476699,0.0
4,4705,0.05941943667268742,0.7789777385630844,0.08526804273906603,0.0,0.2927656160731127,0.0,-1.8056989754643465e-06,0.24671840265090114,0.0
4,4739,-0.26315395681083176,0.9672151979323758,0.086529691236341,0.0,9.149248511415773e-49,0.0,-5.087297295326733e-16,0.010964605823731518,0.0
4,4759,-0.3470394196377071,0.6992045723619381,0.06357349514711659,0.0,2.217480225485957e-05,0.0,-3.662421641738562e-16,0.025638467961560052,0.0
4,4775,0.08016170075161166,-0.5053919784097293,0.08181223260852218,4.907333975283768e-206,1.0750828340243081e-185,1.0,-8.01838856572809e-07,0.027661344543941032,0.0
4,4823,0.02542679554311264,-0.6814717929585639,0.07336585694862073,0.0,0.0,0.0,3.3491458196489326e-21,0.03139561769493801,1.0
4,4826,0.10329210023791913,0.9270406770933487,0.0869555902782096,0.0,0.01253066876337636,0.0,-3.0971673843696965e-22,0.0597473872719377,0.0
4,4832,0.3500122558369579,-0.4522272365501214,0.08063567609690359,0.0,8.798014849248359e-05,0.0,1.6783945587761509e-21,0.042406735607691204,1.0
4,4880,0.10392882831037542,0.6759338889266628,0.08648923401297023,0.0,1.6607432707704817e-05,0.0,-6.226093649968074e-15,0.1754111361726852,0.0
4,4939,-0.10785124277251433,-0.9954628633461604,0.07264201689851933,0.0,0.001647884062580379,0.0,1.805729608763552e-11,0.11325563763819246,1.0
4,4972,-0.09215601794716687,0.9215741125804874,0.08443031168888457,0.0,0.4982275813969974,0.0,-1.9824545730003714e-25,0.1622762535277803,0.0
4,4996,-0.08559605453349468,0.1780824014792743,0.07892611790046698,-2.6953261970339604e-190,0.0,0.0,-2.4283092266235513e-06,0.0,0.0
5,87,0.47219592731546073,0.7414997005907474,0.41096728795448795,4.236947701749229e-07,0.5002360801858692,1.0,0.005018499490873507,0.22248999487343235,1.0
5,328,0.7057156088238086,0.7673398470794506,0.4153847077992092,0.9621836901620678,0.9970805609369382,1.0,0.6338965755504724,0.3532811462857346,1.0
5,391,0.30262271254735157,0.7463751139650477,0.4167734771869334,1.840996398289577e-07,0.8955811611414172,1.0,0.0011832715008996595,0.3462934315042415,1.0
5,638,0.7044031995831606,0.7553013259998826,0.41061620733873594,0.9948191343517969,0.4941584817626264,1.0,0.8849532119765339,0.32381687857292923,1.0
5,658,0.7036834130371725,0.7558371417623848,0.42311511366644183,0.7173657045457633,0.4718268017358806,1.0,0.5532494767432816,0.23026372279960555,1.0
5,673,0.6697986650273303,0.8472608148328155,0.40622500072716533,0.9586360768411967,6.590840388572214e-09,1.0,0.8839910257091148,0.5067356335065585,1.0
5,789,0.7835324553864307,0.875294370776755,0.40304847920276227,0.9999615455294895,0.49255016406306634,1.0,0.07681989981618009,0.3059222417171459,1.0
5,1220,0.663645521009691,0.8596101344456633,0.41245454546287164,0.9924620841196696,0.49977426499421646,1.0,0.7546127498718499,0.28108996828551674,1.0
5,1524,0.27129626309813154,0.7538081094315536,0.41799971252047224,4.219861238857817e-08,0.8807114273127923,1.0,0.0002882724054292889,0.33741101373113713,1.0
5,2973,0.3396350627859801,0.771577453261789,0.4150095900053166,5.301857762105949e-07,0.8043410519743504,1.0,0.003966574085390519,0.39590175774302006,1.0
5,3068,0.7072200431089095,0.8615588463753634,0.4118621348700329,0.29127954447786586,0.2717290014353009,1.0,-0.02753533007010256,0.2737244012079736,0.0
5,3133,0.4693664535691288,0.714170538236872,0.4102979791178476,2.4575168365671613e-06,0.5,1.0,0.014862025164088738,0.4131245144824074,1.0
5,3283,0.4708489259247189,0.783281896100273,0.4024523398003624,1.3628921893368374e-05,0.6850589994358731,1.0,0.01001412679475964,0.19899306904089592,1.0
5,3703,0.7355646628066843,0.8871172454464369,0.40513502110243826,0.9996419452682285,0.4991630123606018,1.0,0.37529160121521665,0.40245311036911735,1.0
5,3939,0.7904054110013929,0.8100617782293962,0.4076022498002471,0.9448044440079998,0.5781609636870737,1.0,0.8005007629112079,0.495357233735453,1.0
5,4473,0.7937414736840518,0.8470040275494435,0.40862147378038993,0.9996958328919677,0.49618426723760645,1.0,0.38166428254060814,0.2541679662492033,1.0
7,24,0.30240832722958993,0.5069872518791503,0.0947067494298338,0.0,0.0007882084843042386,0.0,2.1530043556023008e-36,0.09285487817972106,1.0
7,58,-0.33697747852000437,0.6718347141418043,0.09454150184598946,1.259885644585659e-69,0.46809759058484235,1.0,-1.0096100632952657e-07,0.13325834123911307,0.0
7,62,0.05165595332824112,0.8562532173775732,0.1083018425071083,0.0,0.006133389035574144,0.0,8.589741730398616e-05,0.10273780750619221,1.0
7,72,0.16013985165000175,0.4087765817576716,0.11055217756058341,0.0,7.028194760061446e-07,0.0,9.155145481639832e-06,0.13384676886851743,1.0
7,87,-0.04965135102353037,-0.3091438202158533,0.08683263141647804,0.0,0.5000001170929964,0.0,2.6508762781024597e-06,0.021021003438709607,1.0
7,173,-0.14189559774468608,0.25805085926620813,0.06277514998141569,0.0,0.003643820069354611,0.0,-9.783733325490738e-29,0.030865487701460248,0.0
7,191,-0.12133375297528279,0.49523699264003107,0.10451748316205799,0.0,0.4935619920269717,0.0,-1.4844956215520618e-23,0.01028583450632543,0.0
7,235,-0.32092820380510323,-0.5534371179362869,0.11068418102461597,0.0,0.0,0.0,-2.419474099339706e-27,0.0005433229475992896,0.0
7,260,0.34116596844723723,0.6737548368060473,0.07684031209153411,0.0,0.24737053387263186,0.0,7.074972936099487e-07,0.056848721552072545,1.0
7,279,0.005424436728151613,0.3445476311391873,0.10423197975545812,0.0,0.0003082071816558063,0.0,1.2754328465929624e-24,0.06338094855286297,1.0
7,300,-0.1617159947986539,0.10329276079120789,0.11220893659321193,0.0,0.49105880267604374,0.0,2.0147663653079027e-08,0.17589008261904127,1.0
7,311,-0.22208634053638346,0.511900853628909,0.11155920348012326,0.0,0.008411949666353908,0.0,-0.0018616957373902249,0.10661239331044847,0.0
7,314,0.20250649370500684,0.7224902220338731,0.10345378839091332,0.0,0.008086228784314198,0.0,3.894167072289458e-08,0.3122170552655563,1.0
7,324,0.08166510883368268,0.06216258734580639,0.08207432251419071,7.399979800874626e-302,0.48063760307021397,1.0,-0.00403726806005814,0.3374161602650947,0.0
7,328,-0.048381375724791426,-0.1850238974431836,0.10705680441618516,0.0,0.5,0.0,1.917874886691071e-11,0.11424193660152882,1.0
7,343,-0.17533495742066202,0.6382379305202979,0.11095482640803618,0.0,5.769520857901167e-06,0.0,8.236016614525698e-23,0.001215764905349026,1.0
7,364,-0.005298592219879869,0.3827992072724907,0.09619267949880078,0.0,0.21591940375953977,0.0,2.8629530887503168e-11,0.029516852208651134,1.0
7,368,0.18545419933043852,-0.22309862992623397,0.05476509554171898,0.0,5.9262549070515647e-05,0.0,3.4401686419021617e-44,0.0,1.0
7,391,0.01917835356104329,0.4329728786948172,0.08329292467578311,0.0,0.0,0.0,2.9014111115731236e-08,0.19970679370150185,1.0
7,436,-0.1068739625945006,0.4216774355648817,0.0889939068914674,0.0,7.811921762358218e-06,0.0,-2.2218382130304678e-23,0.014419682283687008,0.0
7,447,-0.17187893949433053,0.5586782456785563,0.0648368894446397,0.0,2.7685974412797513e-05,0.0,-2.3330236220295123e-28,0.005168495641439485,0.0
7,473,-0.16144512237843367,-0.8436700351443163,0.10201695238581505,0.0,0.06397452051462041,0.0,-9.130747794182667e-16,0.05047622683811795,0.0
7,528,-0.37774288311689597,-0.0422113522932779,0.10821366316506316,0.0,0.0,0.0,-1.910182686240217e-38,0.010450479428500484,0.0
7,530,0.008990062644846586,0.012224230840332362,0.07192087817747682,0.0,0.0,0.0,-4.7026823933843706e-18,0.0,0.0
7,572,-0.26943672299440447,0.8692746184468157,0.11559064849687674,0.0,6.480555597561352e-07,0.0,1.163991977763516e-56,0.010489630185517011,1.0
7,622,-0.07003644282601072,-0.8375331397021772,0.1066546284283372,0.0,0.4068755446382877,0.0,6.074622542526776e-10,0.1447170434755195,1.0
7,630,0.1470649099538274,-0.05281875872816602,0.09710658973748132,0.0,0.49629649722027963,0.0,-1.4849926413010472e-19,0.018469990631223843,0.0
7,631,-0.17835950968654815,0.799916940553632,0.10907852615879747,0.0,2.1964800202108097e-08,0.0,-4.162767498946811e-27,0.0037946366320157653,0.0
7,636,-0.02111870163602305,0.7751631263038279,0.11828869486142587,0.0,9.860183164955849e-06,0.0,-1.540110981804201e-24,0.0,0.0
7,638,0.09413833284438788,0.037002745819156635,0.09110415330649972,0.0,0.041843088814616014,0.0,0.0036750013924682894,0.06454122991926331,1.0
7,658,0.1855464228781038,0.41621616183602017,0.11768949409171693,0.0,0.08417003898244213,0.0,9.55237161180692e-05,0.04804099464384304,1.0
7,663,0.49183724328786016,0.0809204834988344,0.10142616225129564,0.0,0.07613653001713955,0.0,0.000832966583777984,0.2286164940526355,1.0
7,668,-0.0039016172906617685,-0.5895070331739188,0.0863638649235064,0.0,0.03069292665914769,0.0,-1.0504441395510201e-38,0.2702885178689877,0.0
7,672,0.3005151450400619,0.5947273709896266,0.11661753396160568,9.17919788311351e-299,0.30575447429508296,1.0,0.008712300899311938,0.0,1.0
7,673,0.2181944111288595,0.6627387049157707,0.09790547614710082,0.0,1.2424400841850613e-36,0.0,1.3133246429583056e-14,0.49916707991642617,1.0
7,704,0.47234737029219054,0.8474450873739481,0.10908349757743026,1.6178202345382282e-160,0.013354298599963342,1.0,-0.00038117635923394527,0.0673096183106418,0.0
7,788,-0.3471264208516566,0.7671372654765161,0.11311820344397011,0.0,0.0,0.0,-1.31210188734707e-35,0.004236875145154972,0.0
7,789,0.23903578778266854,0.40022505113642676,0.08638766905971239,0.0,0.0014088632978812576,0.0,0.0002711970299254784,0.12252835499725165,1.0
7,790,0.28763488877327487,0.8568336705421138,0.11367505432993458,0.0,0.0034095803922750438,0.0,1.1042181117677133e-06,0.12010638305401541,1.0
7,792,0.19519348966279448,0.6128487184982532,0.11068265282057535,0.0,0.07210338184495951,0.0,2.3349763566064945e-06,0.1606900791915472,1.0
7,810,-0.0660234022384756,0.018277940398366138,0.060810655114113155,0.0,0.00019658359969587647,0.0,7.033182241941416e-24,0.15237023322258592,1.0
7,885,-0.30326095912781237,-0.35070614614020673,0.07187512715565383,0.0,0.0016769108464701477,0.0,-2.0176899633133553e-16,0.15870437225959627,0.0
7,886,0.44136466835911015,0.5651209586191377,0.11859309640495572,0.0,0.6410337374344737,0.0,3.593140453340201e-05,0.6408043363505335,1.0
7,917,0.4033455351672811,0.043974764492931424,0.09084819289605074,0.0,5.216893573833925e-05,0.0,1.0269235096585822e-06,0.061686708031569615,1.0
7,993,-0.1260861640631906,-0.3386804621272166,0.1134440508530184,0.0,0.42299274561826766,0.0,5.06934861879434e-06,0.11077994109456307,1.0
7,1052,0.29698873794562247,-0.16594563425436942,0.08162720482417066,0.0,2.81365569445131e-05,0.0,3.54774215664479e-31,0.005106735794693321,1.0
7,1062,0.26556813994972067,0.4995876165788703,0.10334423208295117,1.2786463246946466e-248,0.601946073328694,1.0,0.00037283622640291213,0.3669461608930019,1.0
7,1084,-0.21756761381089149,-0.38641834030201194,0.1167193874894599,0.0,0.0,0.0,-1.0157358822252196e-25,0.004149531033711085,0.0
7,1129,-0.18721898970848522,-0.08105009831111788,0.06224164993481697,0.0,0.036490965853445835,0.0,1.6519146760650978e-21,0.05316040956978019,1.0
7,1143,0.05545254945249395,-0.4567120319968384,0.09010018460463529,0.0,0.2783451663127876,0.0,-2.435914912752221e-21,0.04074592300065513,0.0
7,1207,0.28582127975295113,0.01828087948007104,0.04777655451431903,0.0,0.0009418261084757856,0.0,-1.5869061550099623e-31,0.0509371069075954,0.0
7,1220,-0.04459689822568802,0.7803746893352126,0.1075163054364054,0.0,0.0023183159897487426,0.0,0.00017308194743066005,0.08422148812450342,1.0
7,1308,-0.14791566293727043,-0.37786120924416544,0.11320976063276775,0.0,0.4096129386085339,0.0,2.740087243821164e-07,0.10434191084338312,1.0
7,1369,-0.20848396327645136,-0.5185226878582481,0.07790717851084729,0.0,0.037929247192222106,0.0,4.9263915855401083e-32,0.13692131716803388,1.0
7,1423,-0.19795074964930176,-0.06202005317179802,0.05472708795158695,0.0,3.931240287463561e-05,0.0,-4.820590713583908e-31,0.06243531895313603,0.0
7,1433,0.041293803082685376,-0.4495413456825833,0.08641210356082579,0.0,0.47709209534569497,0.0,1.192376750258932e-22,0.12288750262205408,1.0
7,1442,0.12981962790996757,0.630839842699411,0.1057120881589286,-1.0,8.641122090036202e-06,0.0,-0.07179695453221571,0.0,0.0
7,1455,0.13050060395639232,0.2958503080033746,0.07328989345761616,0.0,0.00020991543289078374,0.0,-0.0016437036474843596,0.0,0.0
7,1464,-0.4119813130503886,-0.20697826838884173,0.10733476589418679,0.0,0.02197448000919472,0.0,3.7773265395341893e-07,0.07573087326029465,1.0
7,1488,-0.29662473751661067,-0.2224914182373161,0.11075380643940524,0.0,0.4698008114246865,0.0,2.463446963501233e-15,0.20334701415936585,1.0
7,1516,0.1647434851742164,-0.13995027591890705,0.05499197045181691,0.0,8.938938575568527e-07,0.0,-4.904502782075531e-36,0.06892541592087506,0.0
7,1524,-0.14948823631851185,0.4431245139380261,0.08792497308476288,0.0,0.0,0.0,3.016843611447009e-10,0.0754994873262666,1.0
7,1537,-0.23025060981714643,-0.1269535162930131,0.11158020446727471,0.0,0.0,0.0,-9.592737845384725e-13,0.0025928231640604538,0.0
7,1546,-0.1171932402693271,0.9362750390434567,0.12060506664821409,0.0,4.017823550883648e-05,0.0,-1.179694326576032e-08,0.020839669888294665,0.0
7,1577,0.08218844388409209,-0.19643376563048134,0.11988736209172468,0.0,0.0,0.0,1.982879484860029e-06,0.14183957656494,1.0
7,1594,-0.21152731135568542,-0.3435537541575773,0.11376120203226896,0.0,0.17971140270283387,0.0,-2.0615202674934323e-08,0.1576923663171389,0.0
7,1604,-0.31428433703857606,0.7056488964734173,0.08559401168462358,0.0,2.258750514239072e-06,0.0,-1.312558742232399e-11,0.05208881084040706,0.0
7,1616,-0.06511082843458069,0.20805329288197805,0.11226650136636479,0.0,0.3274137764892033,0.0,0.00017789254013854074,0.40430328619462647,1.0
7,1619,0.21245204380205368,-0.14049079025136707,0.11867085131692026,0.0,0.12877132347615827,0.0,6.024522470968263e-05,0.14306309392159827,1.0
7,1653,0.29684506437442576,0.8628670954483437,0.09801953908971392,0.0,0.03267402169113628,0.0,9.225344005449934e-10,0.2658871987144016,1.0
7,1658,0.39501716740345133,-0.12645077797023568,0.1087260876253925,0.0,0.3689221030265618,0.0,1.6792886593096191e-12,0.0,1.0
7,1680,0.38923019375122975,0.6721121941255077,0.11099224201030027,1.5861697909894296e-186,0.10000949171190167,1.0,0.00021700886951942,0.25678120457886716,1.0
7,1706,0.05309655621835885,-0.4106112039010248,0.09114505553247494,0.0,7.467067572121497e-11,0.0,-5.596635928004427e-27,0.05268241005160864,0.0
7,1708,0.02617927145166847,-0.10612160308612159,0.09900636351498328,0.0,0.7745235988256135,0.0,0.0036969521045051995,0.2246344152663535,1.0
7,1714,-0.02137764336679246,0.00734940741740539,0.059592373356130234,0.0,1.398623245015391e-06,0.0,-1.1792437884747743e-31,0.09984634250045998,0.0
7,1720,-0.2442005313364679,-0.3195310567270462,0.07333030373811238,0.0,0.03906576652307836,0.0,-9.240829056422867e-25,0.05170994066843665,0.0
7,1732,0.19527845700156563,0.5954514571470816,0.11236992294562877,0.0,0.005445879978128454,0.0,0.000142012731546008,0.13779367743998983,1.0
7,1742,0.17756918742965616,0.9126932242266312,0.11699316572299333,0.0,2.9340175122793966e-07,0.0,1.124515540062909e-09,0.2656245770565479,1.0
7,1751,0.15805268315817966,0.2540754266106246,0.11710202384902833,0.0,0.0,0.0,4.966372855673709e-07,0.0,1.0
7,1754,-0.1270688291633703,-0.4091116898966079,0.1149374311984062,0.0,0.0,0.0,3.807804099338441e-21,0.030614226241775788,1.0
7,1792,-0.029681124614469007,0.6002923432792512,0.10801199643797878,0.0,0.0223290071002544,0.0,-2.3581014816246794e-09,0.3106421472382557,0.0
7,1794,-0.2447328603438706,0.9211977349556273,0.10808397554748833,0.0,0.4288803516598169,0.0,3.466678076176614e-09,0.03849039378210761,1.0
7,1796,0.12463417617702173,-0.23412135422990477,0.11685096624255173,0.0,0.0020934293305068796,0.0,-1.74465738394678e-11,0.2195888498771368,0.0
7,1821,0.041413731174033616,0.5633438727852824,0.0856870010098753,0.0,0.19276375381930327,0.0,2.6074387036897492e-11,0.08278967149695057,1.0
7,1844,0.06944072715459572,0.07384677441359866,0.09866076450825371,0.0,0.030332584855448833,0.0,8.866006327511928e-08,0.2238023693111696,1.0
7,1851,-0.27169256453735363,0.03948403841462904,0.05288180566776685,0.0,0.006321275927138936,0.0,3.3330073521935297e-07,0.12685329119313604,1.0
7,1877,0.13623493419060523,0.15648965170244894,0.07976103724078218,0.0,0.48866821625682766,0.0,9.545389244891207e-28,0.12094423797190554,1.0
7,1891,-0.2280526693276428,-0.40098862010403724,0.09982842327181687,-1.7821744694135905e-304,0.6973579744563188,0.0,0.005395022547763007,0.30810657504740024,1.0
7,1893,0.37750510666698966,0.15197298819467944,0.10820974442672349,0.0,0.16075120856871095,0.0,-4.714944160419057e-05,0.2004489143059224,0.0
7,1913,0.14254800002990106,-0.5261910905308755,0.10180071855916091,0.0,0.12394216462039181,0.0,1.558642999553485e-11,0.019859466374561097,1.0
7,1935,-0.001391034036625681,0.6684692393789005,0.10570118313780952,0.0,1.5822232863893504e-05,0.0,-4.75359028861815e-25,0.013002972920946931,0.0
7,1939,-0.18240589174096858,0.0766626983419238,0.10152782371168738,0.0,0.25943659906258065,0.0,8.058515430478693e-06,0.022165725896244437,1.0
7,1944,-0.06609966409237282,-0.41810247528322025,0.08161408213723968,0.0,0.08835152123239237,0.0,-6.585285496921069e-06,0.07862109185691896,0.0
7,1950,0.05712474131025953,0.1367915414059678,0.05306605424929797,0.0,0.00013124753813600166,0.0,3.734193744154381e-23,0.003825678993011339,1.0
7,1993,0.07301145215904042,0.19890261316814575,0.06744235399373692,0.0,8.110624629520391e-06,0.0,8.874671072294051e-09,0.18726497410472198,1.0
7,1996,0.5563781141922156,0.8906428417989927,0.12100866042812322,0.0,0.16769210757541475,0.0,6.054686964065367e-08,0.32818147659495944,1.0
7,2022,-0.13132981778950914,-0.5246864608023826,0.08460473301790727,0.0,0.0004360295412827453,0.0,-1.4593461986342048e-18,0.1467769111837073,0.0
7,2029,0.2999253688366488,0.010141313668035806,0.11432293014821832,0.0,1.2174256859787125e-05,0.0,1.2500309303240232e-05,0.04422320823143011,1.0
7,2032,-0.1545327074881522,-0.057523994776913195,0.1007930676387879,0.0,0.24740341957371237,0.0,-2.5537591519676602e-08,0.0026168876975097358,0.0
7,2062,0.2086175258993678,0.41149645411389374,0.11059057765222569,0.0,0.47950925020071916,0.0,4.231268180737572e-14,0.21508936657939612,1.0
7,2067,0.4885834502898075,0.12958355229707771,0.07338240343999118,0.0,0.04824704013218659,0.0,-1.335034280801003e-27,0.03872677983954822,0.0
7,2073,-0.04377457720128944,0.38668884906965334,0.06490374864149218,0.0,0.1374160875737962,0.0,-2.08647090758064e-27,0.12425877986423528,0.0
7,2083,-0.20441764675501128,0.7885210304299883,0.08403845051435618,0.0,0.5,0.0,3.854569799022991e-07,0.30469012556982616,1.0
7,2119,-0.20396840361258248,-0.3033731159533849,0.09489114540301646,0.0,8.718712771532688e-05,0.0,1.2076300950663982e-28,0.04918734902206057,1.0
7,2132,0.08659742894243995,0.2466359187611759,0.09433542421248672,-2.2679343498899843e-297,0.47780437148435284,0.0,6.274163563598139e-07,0.14683250715766993,1.0
7,2135,0.12904067964886384,0.7729954997198696,0.11816470744272584,0.0,0.0029747525304211764,0.0,0.00020415537158063364,0.01679160932463486,1.0
7,2148,-0.32578633776410415,-0.47556138451852664,0.11058136355074405,4.122242603827493e-279,0.10342533953241345,1.0,6.9613906874438255e-06,0.27577587510016843,1.0
7,2156,-0.18822892626037913,0.03584932426829185,0.07991957638044918,0.0,0.47439846886061915,0.0,6.22757227615305e-07,0.23534156400070044,1.0
7,2205,-0.19110371690194478,0.11472457606996411,0.08593461769179375,0.0,0.013089831913756844,0.0,1.4651471719957125e-29,0.025033525292741332,1.0
7,2211,-0.20693117845498704,-0.37878255304769565,0.09455248328928295,0.0,0.0,0.0,-1.4257804838919108e-11,0.20785690216810498,0.0
7,2263,-0.037360039509136495,0.08078966961967475,0.10888608596474945,2.037992863989376e-28,0.45022474594472994,1.0,-0.00035603347172100293,0.2509303222385435,0.0
7,2278,-0.008578132855805748,0.032951801145321716,0.045398345709085186,0.0,0.5920200196222644,0.0,-0.00012204257626986318,0.1716664813476909,0.0
7,2297,0.35804555306420915,0.834723589802095,0.11639748838694271,0.0,6.922820804233787e-05,0.0,-0.001170594068660147,0.17241992007558635,0.0
7,2298,0.02880748232375288,0.6779978671502233,0.08875157709946438,-1.0,0.498850371445264,0.0,-0.0004448209345571738,0.16090729405349308,0.0
7,2308,0.29947329917371857,0.6364234344412248,0.09210918691688182,-2.8317351618599376e-280,0.03476139735906127,0.0,-0.00024580586698032535,0.1338880690846142,0.0
7,2324,-0.08604754131046467,-0.21021148085551483,0.1066541124140943,0.0,0.3903549678793732,0.0,9.568603511523841e-31,0.04587457364404801,1.0
7,2329,0.3341118549965745,0.25854120600567976,0.09528965834450291,0.0,0.5392678741241236,0.0,0.004842331026311263,0.3223014352158908,1.0
7,2335,0.3495240610006202,0.39411793339483225,0.09298882043942217,0.0,0.10992939295560894,0.0,0.00014120651758648507,0.2687815197626776,1.0
7,2342,0.3594306945067196,0.7264235783685882,0.08683744040748691,0.0,0.22760387199625748,0.0,1.239343282928257e-05,0.17666035424952764,1.0
7,2371,0.476436946500069,0.6394879476074369,0.07690403132630348,0.0,0.0723492091291279,0.0,1.3634912677049077e-06,0.19460814582265495,1.0
7,2385,-0.1877424553525488,-0.4163917538810664,0.10170222967961234,0.0,0.2948089709988809,0.0,3.623195997086054e-49,0.052337403442531925,1.0
7,2419,-0.40451111278102975,-0.48099761770758265,0.11197332611410242,0.0,0.35186308186365906,0.0,1.2766034760397873e-14,0.000397036749017754,1.0
7,2421,0.29805583312417233,0.8284672798231854,0.09950287635299197,0.0,0.1983820943770248,0.0,7.474794797358782e-28,0.14069649171400378,1.0
7,2426,0.05152114665020116,0.679946968310248,0.09042137341332364,0.0,0.07497211621686778,0.0,2.583094344977542e-08,0.1897201130431555,1.0
7,2442,-0.18323957133724258,-0.25748844117135083,0.09296729047471163,0.0,1.46620359153804e-06,0.0,3.7224298136743736e-17,0.13274144919777947,1.0
7,2449,0.15411638452443718,0.323513382736289,0.11221123318604992,-1.0,0.009411355049460002,0.0,9.291849846403659e-05,0.1426796283520069,1.0
7,2488,-0.08066672378628294,0.3808348166095658,0.10111134485553962,0.0,0.4977823795881003,0.0,-0.0003096946598467925,0.17196595074958734,0.0
7,2499,-0.061667327705729316,0.8013493208562892,0.09614464454811139,0.0,0.00044450748358287884,0.0,2.0523348250856472e-07,0.06840810381841031,1.0
7,2533,-0.04760337397395556,0.21641332208781888,0.11443830755292683,0.0,0.48736398428105965,0.0,1.429561241528335e-13,0.2769720652557882,1.0
7,2554,0.018899485291412277,0.6466869130590898,0.11116496343399616,-3.2147544551420504e-243,0.011072414575066507,0.0,-0.0005508818707784099,0.13354079056688697,0.0
7,2555,-0.23324054488493345,0.8145395595937384,0.11007929141594668,0.0,0.04561401491238981,0.0,1.8934237373840045e-09,0.03921564947872727,1.0
7,2566,0.3315753062296066,0.34850278579051885,0.11516916476820581,0.0,0.07178081847476725,0.0,4.771817101931307e-06,0.0,1.0
7,2592,0.038839105091616394,0.9036998952474914,0.10512012475742735,0.0,0.06630945536281097,0.0,1.3796854695298274e-24,0.08149500992842074,1.0
7,2597,0.053686177548621206,0.4295427546656361,0.10606792069340402,0.0,0.01939180867368706,0.0,6.651360182408144e-07,0.0713625520852868,1.0
7,2602,0.15271809085355975,-0.3279783852358156,0.11534376685633678,0.0,0.2830701517649924,0.0,2.680690382372761e-06,0.09082517472409085,1.0
7,2656,0.17348996983871948,0.24414611178387705,0.08828002909314936,-5.046370711494197e-194,0.0,0.0,6.832696619094421e-05,0.12267386062078028,1.0
7,2669,0.3265507691664163,0.44225228246591547,0.08738329521946306,8.191318956610871e-221,0.21757324628831198,1.0,0.00011773151926153235,0.26194613380983456,1.0
7,2725,0.25835622799081776,0.8301078412992423,0.11149960042147361,-1.6446875401886968e-11,1.2780972738490881e-06,0.0,3.6026248443984105e-05,0.10961687050057844,1.0
7,2735,-0.01984096412227753,0.0909938042720018,0.07073408652248363,0.0,0.00016755180496152988,0.0,1.18742807759709e-22,0.11254916621805688,1.0
7,2752,-0.24653944446265974,-0.5266992067905059,0.09388918617085078,0.0,0.3771084886395715,0.0,-1.5236076455048205e-17,0.10353522567849371,0.0
7,2934,-0.2466469677068943,-0.8249040681377815,0.09485927911190749,0.0,0.11883750944286958,0.0,5.53800568610162e-23,0.0,1.0
7,2951,-0.06695243990839836,-0.012768064440622583,0.09476357287461266,0.0,0.057966467957193346,0.0,3.333243827011075e-09,0.10251397941024853,1.0
7,2963,0.0935794159192086,0.06890798728871654,0.06563654663693923,0.0,0.1458511338920082,0.0,1.3968439632529937e-47,0.18704174273007865,1.0
7,2973,0.17864898019139475,0.3872140347876194,0.08036337861860154,0.0,0.0,0.0,8.826821286318458e-08,0.2682245504502991,1.0
7,3058,0.13911707944377816,0.17046614855616854,0.07158195720107405,0.0,1.4535788328551291e-06,0.0,-2.4430888308586567e-22,0.09201397611402323,0.0
7,3068,-0.28530847979104157,-0.3437679864331804,0.10619524275621348,0.0,0.00847272451945097,0.0,4.166511354664579e-07,0.06339365424349691,1.0
7,3133,0.028830478094987427,-0.24341861796630218,0.07413621206346405,0.0,0.5,0.0,-0.0001355465463741271,0.20566494492547938,0.0
7,3163,-0.05465528497287424,0.12195721499746337,0.05477535754553632,0.0,0.003150998379218728,0.0,1.4378157037931634e-20,0.1373987963050781,1.0
7,3217,0.2179158760751439,0.29253934101775747,0.10445290215847015,0.0,0.205021004623231,0.0,9.995744733687022e-06,0.52809566116104,1.0
7,3231,-0.10425022436534968,-0.26279125122456964,0.07112445731351018,0.0,0.0004888894822691059,0.0,4.5530594103448736e-11,0.09561678244804317,1.0
7,3243,0.07090563072549902,0.4799023558066166,0.09014297328842576,0.0,0.4986877670366695,0.0,9.512907804247342e-07,0.1295864498250506,1.0
7,3254,0.3918833981606331,0.03789203916138088,0.0880740463836527,0.0,9.769540505021918e-09,0.0,1.2065534692823977e-27,0.0009009675591530948,1.0
7,3260,-0.3072489122529668,0.586502594024231,0.10435986144237865,0.0,0.0014106427857538129,0.0,-1.1913939990352367e-17,0.1358593954811655,0.0
7,3263,-0.3497552351220773,0.6591821827446861,0.04538556675794454,0.0,0.005982280163353504,0.0,5.2953771855660986e-48,0.06399358142739783,1.0
7,3273,0.22317845840514738,0.2652346747467116,0.09952398384283813,1.1950943275230544e-147,0.21512522051564936,1.0,-0.000908359859158952,0.18960825674731827,0.0
7,3283,0.24034704454565625,0.15636691622311252,0.04074076979944907,0.0,0.5,0.0,-1.076367527935654e-05,0.2220052176879731,0.0
7,3291,0.16094646157136877,0.8621629055333893,0.08881124064133039,0.0,0.011916036152116116,0.0,4.10528194163038e-09,0.1795934854439194,1.0
7,3327,0.07052259858270414,0.25835364149119416,0.07953889423368914,0.0,0.0019642774515344352,0.0,5.188131904320831e-11,0.017172409750321027,1.0
7,3379,0.2839349147753244,-0.04708905767273355,0.07925820439596765,0.0,0.0231317088307876,0.0,3.1738224558201717e-16,0.3159079069001039,1.0
7,3420,-0.04153285367122714,0.3453692505556239,0.11465002702550016,0.0,6.96850720101625e-05,0.0,5.775049043795597e-22,0.10366462220348173,1.0
7,3455,0.12438330412238136,0.7618437997439351,0.09978520560545281,0.0,0.09212881627951264,0.0,3.2199075347767578e-09,0.2256499312544047,1.0
7,3484,-0.22987365847756247,-0.6905040234737199,0.09517085110072847,0.0,2.858076819373112e-05,0.0,9.994937505762254e-09,0.13083948533717465,1.0
7,3549,0.05289346579629032,-0.10547315817120928,0.09552504594264716,0.0,1.8522781473425047e-05,0.0,-5.4137359584531366e-37,0.003682870233554624,0.0
7,3653,-0.09374246802230776,-0.02499785602564919,0.0851015754875021,0.0,0.0,0.0,-1.1174016788642843e-34,0.04232537413264682,0.0
7,3680,-0.30708352010730844,0.005899040392898236,0.10282833049479169,0.0,3.334934549070745e-06,0.0,1.951652785682668e-06,0.033709727397591205,1.0
7,3703,0.5860783178965774,0.6641080182112535,0.08786386723873275,1.0304008362594086e-130,0.4707924854482173,1.0,0.0004633956489132847,0.2706323109190841,1.0
7,3752,-0.26269227158721714,-0.8913512304303506,0.06072662331973234,0.0,0.0,0.0,-6.267398077470661e-08,0.08584930688521825,0.0
7,3761,0.5573332619786249,0.6180105700467051,0.11166143047031106,0.0,0.5808888464583164,0.0,4.961320342222401e-05,0.25486767413619066,1.0
7,3764,0.0448118459419597,-0.21160716739823746,0.05313232381422424,0.0,0.0013847286536507817,0.0,1.7160305532088577e-34,0.1122637616829992,1.0
7,3848,-0.3172518751714094,-0.3697804227295688,0.05186004615674464,0.0,0.01173572835218989,0.0,9.866545702584807e-30,0.08953023875367566,1.0
7,3861,0.09731450451785621,-0.08853889529604934,0.10843972491501537,0.0,0.5024120137593877,0.0,1.8446401459768933e-15,0.12574853102260614,1.0
7,3936,0.16861810982926773,0.6751818731230015,0.09148488362398983,0.0,0.00015766206985647502,0.0,-3.549401493299162e-22,0.0,0.0
7,3939,-0.01753992587255561,0.8656771875330125,0.07740118258215037,-9.09659523446385e-64,0.5,0.0,0.18413801413812808,0.45703752097603567,1.0
7,3942,-0.06538169339995513,0.8175797836085488,0.10091688776979411,1.0495949304282813e-152,0.42322492863140254,1.0,4.5336789742469436e-07,0.07014073132306961,1.0
7,3945,-0.23847154546400445,-0.13218166349483862,0.10883168082879202,0.0,0.0019589936326739167,0.0,-1.9081188692374277e-40,0.09647433798753,0.0
7,4024,0.023708451786494465,0.3193362468263564,0.11387595079417431,0.0,0.027406824068152646,0.0,2.5557025074869917e-06,0.09276088068514238,1.0
7,4074,-0.024590894506525105,0.14949031790689915,0.062331396704460695,0.0,0.0002146691071696219,0.0,-2.6574131564696066e-30,0.13095250636310268,0.0
7,4083,0.4749542029568757,0.5482759483026154,0.11270542809885695,0.0,0.13428799457960483,0.0,0.0021892917525112797,0.19367360490398566,1.0
7,4089,0.047917796843012006,-0.12400926257052446,0.09221784983944377,0.0,0.10502630074533953,0.0,2.016919920706664e-50,0.31395142770321915,1.0
7,4159,-0.09217423445107845,-0.10430859106288859,0.09757112683609401,0.0,0.0723081239600269,0.0,7.816140208892334e-08,0.10873079096437016,1.0
7,4207,0.1729097502249819,0.3033077657445708,0.1133994140020634,0.0,0.0,0.0,0.0006108089186334739,0.04643168442681367,1.0
7,4232,-0.08140660699101701,-0.07511891776832656,0.08644237195380204,0.0,0.1860167988596076,0.0,5.771201503101338e-07,0.11865604525301199,1.0
7,4246,0.46693084547352864,0.5449419139427266,0.09509994920511158,3.290062770913515e-137,0.46339187186306996,1.0,-0.00011496875846370145,0.1850906802896074,0.0
7,4322,-0.08025639145046544,0.40003153661435803,0.08253468631452829,-1.2867215094219802e-131,0.41914578109508543,0.0,-2.4083111778368584e-05,0.14583929583797825,0.0
7,4370,0.2640654889181425,-0.09777287435074689,0.06724401322789038,0.0,0.014175457750026621,0.0,-8.340867437938253e-16,0.0,0.0
7,4379,0.18976769175420105,-0.14169472086301196,0.06398972662186357,0.0,0.49950084604724504,0.0,0.0005969455564449014,0.6008628045228055,1.0
7,4383,0.011787880421907544,0.15820422264316847,0.06141039857704486,0.0,0.16216391582962192,0.0,2.4370893282274413e-47,0.2626322699050544,1.0
7,4456,-0.03465536230893172,0.5566647861533875,0.11443937092713925,0.0,0.18152351057033422,0.0,4.0698341211300653e-07,0.08999745829447753,1.0
7,4473,-0.09294647968017722,-0.16597472542387226,0.10849101130776687,0.0,0.011005714034102887,0.0,0.00036096266106946294,0.12961510303571364,1.0
7,4489,-0.10800862090648668,-0.31341381303227334,0.11255949054723106,0.0,0.05186991855710388,0.0,1.027413571847438e-07,0.18047518597765289,1.0
7,4490,-0.11717003629980137,-0.32471230500223996,0.10081857021898494,0.0,0.0827332562596858,0.0,-5.453417884562355e-22,0.1247296712154248,0.0
7,4493,0.25106849939194625,0.6417947183348625,0.10278424183203722,0.0,0.48380657147612904,0.0,1.4298321153663727e-17,0.2250093577519235,1.0
7,4525,-0.49498220379695723,0.002018319415570388,0.10317866402275104,0.0,0.1467628186403226,0.0,-7.949570633575202e-06,0.12120070416675527,0.0
7,4603,-0.06453967584468528,-0.00330055531857007,0.0677651476070226,0.0,0.0838170559531046,0.0,-1.314115323646892e-18,0.0005515096042401773,0.0
7,4682,0.15500553780275939,-0.517033350199642,0.10312818947107767,0.0,0.0,0.0,1.0530512374307812e-11,0.02807900464974493,1.0
7,4688,0.4892427041410584,0.7911372992979637,0.11802585041347982,0.0,0.455388037329466,0.0,0.0008715205567527984,0.34664995977120344,1.0
7,4705,-0.2813236576250251,-0.03224487301436803,0.10375028284474756,6.396918514936527e-272,0.4577891679916342,1.0,0.0001570184274960524,0.31218546271133985,1.0
7,4739,0.557066569422679,0.9055743257004181,0.11494454135304927,0.0,9.149248511415773e-49,0.0,4.217178374012478e-08,0.15126860998160258,1.0
7,4759,-0.045011608459579334,0.7054229376506213,0.06910492519742543,0.0,2.576758464045703e-05,0.0,6.172381195447962e-21,0.025547314430862444,1.0
7,4775,-0.15939619205944758,-0.11723731564144117,0.09916503478285717,0.0,1.0750828340243081e-185,0.0,2.442309838885698e-06,0.001408648217283634,1.0
7,4823,0.03640847206312178,0.21988333544346905,0.07877632334047238,0.0,0.0,0.0,2.334300162202578e-19,0.02990288974130456,1.0
7,4826,-0.12452860933970629,0.887475342965518,0.11846523933151924,0.0,0.004678889388822546,0.0,-2.1198748154958412e-17,0.0444355678830731,0.0
7,4832,0.004150011714460323,-0.2647742179167637,0.09608363449273169,0.0,0.00011363736463809726,0.0,2.0183593477823986e-48,0.04294960565986378,1.0
7,4880,-0.1824518826790098,0.23245662680179047,0.11458498546699769,0.0,6.82091181278266e-05,0.0,6.719936587001423e-17,0.2260311724787442,1.0
7,4939,-0.2482890334183953,-0.09881011102777303,0.08337934142587827,0.0,0.0016443377568319056,0.0,-6.595279912958215e-08,0.11408407033217621,0.0
7,4972,-0.039648564399042095,0.4206194875265299,0.10265113561365292,0.0,0.49048698583421746,0.0,7.522978367258294e-09,0.32324079753304774,1.0
7,4996,0.4856211819658425,0.4919993499849411,0.08877056461433462,-3.19361288303258e-158,0.0,0.0,2.364686110692937e-05,0.0,1.0
